date,time,comp,round,day,venue,result,gf,ga,opponent,xg,xga,poss,attendance,captain,formation,referee,match report,notes,sh,sot,dist,fk,pk,pkatt,season,team,vcode,opcode,hour,dcode,target
2022-08-13,15:00,Premier League,Matchweek 2,Sat,Home,W,4.0,0.0,Bournemouth,1.7,0.1,67.0,53453.0,İlkay Gündoğan,4-2-3-1,David Coote,Match Report,,19.0,7.0,17.5,0.0,0.0,0.0,2022,Manchester City,1,2,15,5,1
2022-08-21,16:30,Premier League,Matchweek 3,Sun,Away,D,3.0,3.0,Newcastle Utd,2.1,1.8,69.0,52258.0,İlkay Gündoğan,4-3-3,Jarred Gillett,Match Report,,21.0,10.0,16.2,1.0,0.0,0.0,2022,Manchester City,0,17,16,6,0
2022-08-27,15:00,Premier League,Matchweek 4,Sat,Home,W,4.0,2.0,Crystal Palace,2.2,0.1,74.0,53112.0,Kevin De Bruyne,4-2-3-1,Darren England,Match Report,,18.0,5.0,14.1,0.0,0.0,0.0,2022,Manchester City,1,8,15,5,1
2022-08-31,19:30,Premier League,Matchweek 5,Wed,Home,W,6.0,0.0,Nott'ham Forest,3.3,0.7,74.0,53409.0,İlkay Gündoğan,4-2-3-1,Paul Tierney,Match Report,,17.0,9.0,14.8,0.0,0.0,0.0,2022,Manchester City,1,19,19,2,1
2022-09-03,17:30,Premier League,Matchweek 6,Sat,Away,D,1.0,1.0,Aston Villa,2.1,0.3,71.0,41830.0,İlkay Gündoğan,4-3-3,Simon Hooper,Match Report,,13.0,4.0,16.8,1.0,0.0,0.0,2022,Manchester City,0,1,17,5,0
2022-09-17,12:30,Premier League,Matchweek 8,Sat,Away,W,3.0,0.0,Wolves,1.1,0.4,59.0,31578.0,Kevin De Bruyne,4-3-3,Anthony Taylor,Match Report,,16.0,7.0,19.4,0.0,0.0,0.0,2022,Manchester City,0,26,12,5,1
2022-10-02,14:00,Premier League,Matchweek 9,Sun,Home,W,6.0,3.0,Manchester Utd,3.2,1.7,53.0,53475.0,İlkay Gündoğan,4-3-3,Michael Oliver,Match Report,,22.0,9.0,14.2,1.0,0.0,0.0,2022,Manchester City,1,16,14,6,1
2022-10-08,15:00,Premier League,Matchweek 10,Sat,Home,W,4.0,0.0,Southampton,2.4,0.2,65.0,53365.0,Kevin De Bruyne,4-2-3-1,Andy Madley,Match Report,,21.0,8.0,13.9,0.0,0.0,0.0,2022,Manchester City,1,21,15,5,1
2022-10-16,16:30,Premier League,Matchweek 11,Sun,Away,L,0.0,1.0,Liverpool,1.0,2.1,63.0,53286.0,İlkay Gündoğan,3-4-3,Anthony Taylor,Match Report,,16.0,6.0,18.4,0.0,0.0,0.0,2022,Manchester City,0,14,16,6,0
2022-10-22,15:00,Premier League,Matchweek 13,Sat,Home,W,3.0,1.0,Brighton,1.6,0.5,48.0,53223.0,Kevin De Bruyne,4-3-3,Craig Pawson,Match Report,,9.0,3.0,15.0,0.0,1.0,1.0,2022,Manchester City,1,4,15,5,1
2022-10-29,12:30,Premier League,Matchweek 14,Sat,Away,W,1.0,0.0,Leicester City,1.0,0.7,64.0,32223.0,İlkay Gündoğan,4-3-3,Robert Jones,Match Report,,15.0,5.0,20.8,1.0,0.0,0.0,2022,Manchester City,0,13,12,5,1
2022-12-28,20:00,Premier League,Matchweek 17,Wed,Away,W,3.0,1.0,Leeds United,4.3,0.6,69.0,36889.0,İlkay Gündoğan,4-3-3,Stuart Attwell,Match Report,,26.0,9.0,16.0,0.0,0.0,0.0,2022,Manchester City,0,12,20,2,1
2022-12-31,15:00,Premier League,Matchweek 18,Sat,Home,D,1.0,1.0,Everton,1.7,0.1,74.0,53444.0,Kevin De Bruyne,4-3-3,Andy Madley,Match Report,,16.0,3.0,15.4,0.0,0.0,0.0,2022,Manchester City,1,9,15,5,0
2023-01-05,20:00,Premier League,Matchweek 19,Thu,Away,W,1.0,0.0,Chelsea,2.1,0.4,52.0,39998.0,İlkay Gündoğan,3-2-4-1,Paul Tierney,Match Report,,12.0,3.0,16.0,0.0,0.0,0.0,2022,Manchester City,0,7,20,3,1
2023-01-22,14:00,Premier League,Matchweek 21,Sun,Home,W,3.0,0.0,Wolves,2.8,0.8,55.0,53282.0,İlkay Gündoğan,3-2-4-1,David Coote,Match Report,,12.0,5.0,14.8,0.0,1.0,1.0,2022,Manchester City,1,26,14,6,1
2023-02-12,16:30,Premier League,Matchweek 23,Sun,Home,W,3.0,1.0,Aston Villa,3.3,0.3,67.0,53392.0,İlkay Gündoğan,3-2-4-1,Robert Jones,Match Report,,16.0,7.0,15.4,1.0,1.0,1.0,2022,Manchester City,1,1,16,6,1
2023-02-15,19:30,Premier League,Matchweek 12,Wed,Away,W,3.0,1.0,Arsenal,1.8,1.6,37.0,60276.0,İlkay Gündoğan,4-1-4-1,Anthony Taylor,Match Report,,9.0,5.0,12.1,0.0,0.0,0.0,2022,Manchester City,0,0,19,2,1
2023-02-18,15:00,Premier League,Matchweek 24,Sat,Away,D,1.0,1.0,Nott'ham Forest,2.4,0.9,73.0,29365.0,İlkay Gündoğan,3-2-4-1,Graham Scott,Match Report,,23.0,6.0,18.0,2.0,0.0,0.0,2022,Manchester City,0,19,15,5,0
2023-03-04,12:30,Premier League,Matchweek 26,Sat,Home,W,2.0,0.0,Newcastle Utd,1.3,0.4,56.0,53419.0,İlkay Gündoğan,4-2-3-1,Simon Hooper,Match Report,,11.0,3.0,15.8,2.0,0.0,0.0,2022,Manchester City,1,17,12,5,1
2023-03-11,17:30,Premier League,Matchweek 27,Sat,Away,W,1.0,0.0,Crystal Palace,2.1,0.2,67.0,25844.0,İlkay Gündoğan,4-2-3-1,Robert Jones,Match Report,,13.0,3.0,19.0,1.0,1.0,1.0,2022,Manchester City,0,8,17,5,1
2023-04-01,12:30,Premier League,Matchweek 29,Sat,Home,W,4.0,1.0,Liverpool,2.9,0.3,68.0,52877.0,İlkay Gündoğan,3-2-4-1,Simon Hooper,Match Report,,17.0,8.0,14.5,1.0,0.0,0.0,2022,Manchester City,1,14,12,5,1
2023-04-08,17:30,Premier League,Matchweek 30,Sat,Away,W,4.0,1.0,Southampton,2.9,0.4,73.0,30963.0,İlkay Gündoğan,3-2-4-1,Robert Jones,Match Report,,12.0,7.0,13.2,0.0,1.0,1.0,2022,Manchester City,0,21,17,5,1
2023-04-26,20:00,Premier League,Matchweek 33,Wed,Home,W,4.0,1.0,Arsenal,2.5,0.5,52.0,53482.0,İlkay Gündoğan,4-3-3,Michael Oliver,Match Report,,14.0,9.0,15.9,0.0,0.0,0.0,2022,Manchester City,1,0,20,2,1
2023-04-30,14:00,Premier League,Matchweek 34,Sun,Away,W,2.0,1.0,Fulham,2.5,0.2,62.0,24498.0,İlkay Gündoğan,3-2-4-1,Simon Hooper,Match Report,,11.0,8.0,14.1,0.0,1.0,1.0,2022,Manchester City,0,10,14,6,1
2023-05-03,20:00,Premier League,Matchweek 28,Wed,Home,W,3.0,0.0,West Ham,2.3,0.4,69.0,53305.0,Kyle Walker,3-2-4-1,John Brooks,Match Report,,16.0,7.0,16.3,0.0,0.0,0.0,2022,Manchester City,1,25,20,2,1
2023-05-06,15:00,Premier League,Matchweek 35,Sat,Home,W,2.0,1.0,Leeds United,2.6,0.2,80.0,53406.0,İlkay Gündoğan,3-2-4-1,Andy Madley,Match Report,,17.0,6.0,18.7,2.0,0.0,1.0,2022,Manchester City,1,12,15,5,1
2022-08-13,15:00,Premier League,Matchweek 2,Sat,Home,W,4.0,2.0,Leicester City,2.7,0.5,50.0,60033.0,Martin Ødegaard,4-3-3,Darren England,Match Report,,19.0,7.0,13.0,0.0,0.0,0.0,2022,Arsenal,1,13,15,5,1
2022-08-27,17:30,Premier League,Matchweek 4,Sat,Home,W,2.0,1.0,Fulham,2.6,0.8,71.0,60164.0,Martin Ødegaard,4-3-3,Jarred Gillett,Match Report,,22.0,8.0,15.5,1.0,0.0,0.0,2022,Arsenal,1,10,17,5,1
2022-08-31,19:30,Premier League,Matchweek 5,Wed,Home,W,2.0,1.0,Aston Villa,2.4,0.4,59.0,60012.0,Martin Ødegaard,4-3-3,Robert Jones,Match Report,,22.0,8.0,16.3,1.0,0.0,0.0,2022,Arsenal,1,1,19,2,1
2022-09-18,12:00,Premier League,Matchweek 8,Sun,Away,W,3.0,0.0,Brentford,1.5,0.5,63.0,17122.0,Granit Xhaka,4-3-3,David Coote,Match Report,,13.0,7.0,18.2,0.0,0.0,0.0,2022,Arsenal,0,3,12,6,1
2022-10-01,12:30,Premier League,Matchweek 9,Sat,Home,W,3.0,1.0,Tottenham,2.4,1.6,64.0,60278.0,Martin Ødegaard,4-3-3,Anthony Taylor,Match Report,,22.0,9.0,18.6,1.0,0.0,0.0,2022,Arsenal,1,22,12,5,1
2022-10-09,16:30,Premier League,Matchweek 10,Sun,Home,W,3.0,2.0,Liverpool,2.7,1.1,43.0,60059.0,Martin Ødegaard,4-3-3,Michael Oliver,Match Report,,10.0,6.0,14.3,0.0,1.0,1.0,2022,Arsenal,1,14,16,6,1
2022-10-30,14:00,Premier League,Matchweek 14,Sun,Home,W,5.0,0.0,Nott'ham Forest,2.3,0.4,69.0,60263.0,Martin Ødegaard,4-3-3,Simon Hooper,Match Report,,24.0,9.0,16.0,1.0,0.0,0.0,2022,Arsenal,1,19,14,6,1
2022-11-06,12:00,Premier League,Matchweek 15,Sun,Away,W,1.0,0.0,Chelsea,2.1,0.3,55.0,40142.0,Martin Ødegaard,4-3-3,Michael Oliver,Match Report,,14.0,2.0,14.5,0.0,0.0,0.0,2022,Arsenal,0,7,12,6,1
2022-11-12,19:45,Premier League,Matchweek 16,Sat,Away,W,2.0,0.0,Wolves,2.1,0.7,62.0,34624.0,Martin Ødegaard,4-3-3,Stuart Attwell,Match Report,,14.0,3.0,13.7,0.0,0.0,0.0,2022,Arsenal,0,26,19,5,1
2022-12-31,17:30,Premier League,Matchweek 18,Sat,Away,W,4.0,2.0,Brighton,2.9,1.2,32.0,31647.0,Martin Ødegaard,4-3-3,Anthony Taylor,Match Report,,14.0,7.0,11.2,0.0,0.0,0.0,2022,Arsenal,0,4,17,5,1
2023-01-22,16:30,Premier League,Matchweek 21,Sun,Home,W,3.0,2.0,Manchester Utd,3.1,0.4,57.0,60325.0,Martin Ødegaard,4-3-3,Anthony Taylor,Match Report,,25.0,5.0,14.2,0.0,0.0,0.0,2022,Arsenal,1,16,16,6,1
2023-02-18,12:30,Premier League,Matchweek 24,Sat,Away,W,4.0,2.0,Aston Villa,3.2,0.5,67.0,42066.0,Martin Ødegaard,4-3-3,Simon Hooper,Match Report,,20.0,5.0,15.7,0.0,0.0,0.0,2022,Arsenal,0,1,12,5,1
2023-03-04,15:00,Premier League,Matchweek 26,Sat,Home,W,3.0,2.0,Bournemouth,2.1,1.3,79.0,60222.0,Martin Ødegaard,4-3-3,Chris Kavanagh,Match Report,,31.0,9.0,18.1,2.0,0.0,0.0,2022,Arsenal,1,2,15,5,1
2023-03-12,14:00,Premier League,Matchweek 27,Sun,Away,W,3.0,0.0,Fulham,2.3,0.8,55.0,24426.0,Martin Ødegaard,4-3-3,David Coote,Match Report,,15.0,7.0,15.2,1.0,0.0,0.0,2022,Arsenal,0,10,14,6,1
2023-03-19,14:00,Premier League,Matchweek 28,Sun,Home,W,4.0,1.0,Crystal Palace,1.6,0.8,62.0,60247.0,Martin Ødegaard,4-3-3,Stuart Attwell,Match Report,,15.0,5.0,16.4,0.0,0.0,0.0,2022,Arsenal,1,8,14,6,1
2023-04-01,15:00,Premier League,Matchweek 29,Sat,Home,W,4.0,1.0,Leeds United,3.8,0.7,66.0,60283.0,Martin Ødegaard,4-3-3,Darren England,Match Report,,12.0,4.0,13.9,0.0,1.0,1.0,2022,Arsenal,1,12,15,5,1
2023-05-02,20:00,Premier League,Matchweek 34,Tue,Home,W,3.0,1.0,Chelsea,1.7,0.8,55.0,60144.0,Martin Ødegaard,4-3-3,Robert Jones,Match Report,,16.0,9.0,13.0,0.0,0.0,0.0,2022,Arsenal,1,7,20,1,1
2023-05-28,16:30,Premier League,Matchweek 38,Sun,Home,W,5.0,0.0,Wolves,2.8,0.5,51.0,60095.0,Martin Ødegaard,4-3-3,Andre Marriner,Match Report,,14.0,8.0,13.7,1.0,0.0,0.0,2022,Arsenal,1,26,16,6,1
2022-08-22,20:00,Premier League,Matchweek 3,Mon,Home,W,2.0,1.0,Liverpool,1.8,1.3,30.0,74147.0,Bruno Fernandes,4-2-3-1,Michael Oliver,Match Report,,13.0,5.0,19.5,2.0,0.0,0.0,2022,Manchester United,1,14,20,0,1
2022-09-01,20:00,Premier League,Matchweek 5,Thu,Away,W,1.0,0.0,Leicester City,1.5,0.7,47.0,32226.0,Bruno Fernandes,4-2-3-1,Craig Pawson,Match Report,,9.0,2.0,16.8,0.0,0.0,0.0,2022,Manchester United,0,13,20,3,1
2022-10-09,19:00,Premier League,Matchweek 10,Sun,Away,W,2.0,1.0,Everton,1.4,0.6,60.0,39258.0,Bruno Fernandes,4-2-3-1,David Coote,Match Report,,12.0,4.0,18.8,0.0,0.0,0.0,2022,Manchester United,0,9,19,6,1
2022-10-19,20:15,Premier League,Matchweek 12,Wed,Home,W,2.0,0.0,Tottenham,1.5,0.6,52.0,73677.0,Bruno Fernandes,4-2-3-1,Simon Hooper,Match Report,,28.0,10.0,21.4,1.0,0.0,0.0,2022,Manchester United,1,22,20,2,1
2022-11-13,16:30,Premier League,Matchweek 16,Sun,Away,W,2.0,1.0,Fulham,2.5,1.4,47.0,24246.0,Bruno Fernandes,4-2-3-1,Paul Tierney,Match Report,,14.0,9.0,17.7,0.0,0.0,0.0,2022,Manchester United,0,10,16,6,1
2022-12-27,20:00,Premier League,Matchweek 17,Tue,Home,W,3.0,0.0,Nott'ham Forest,2.4,0.7,65.0,73608.0,Bruno Fernandes,4-2-3-1,Anthony Taylor,Match Report,,17.0,8.0,15.9,0.0,0.0,0.0,2022,Manchester United,1,19,20,1,1
2022-12-31,12:30,Premier League,Matchweek 18,Sat,Away,W,1.0,0.0,Wolves,2.0,0.7,54.0,31658.0,Bruno Fernandes,4-2-3-1,Robert Jones,Match Report,,16.0,6.0,14.9,1.0,0.0,0.0,2022,Manchester United,0,26,12,5,1
2023-01-03,20:00,Premier League,Matchweek 19,Tue,Home,W,3.0,0.0,Bournemouth,2.2,0.6,58.0,73322.0,Harry Maguire,4-2-3-1,Michael Salisbury,Match Report,,18.0,6.0,16.7,2.0,0.0,0.0,2022,Manchester United,1,2,20,1,1
2023-01-14,12:30,Premier League,Matchweek 20,Sat,Home,W,2.0,1.0,Manchester City,1.7,0.6,30.0,75546.0,Bruno Fernandes,4-2-3-1,Stuart Attwell,Match Report,,8.0,3.0,14.8,0.0,0.0,0.0,2022,Manchester United,1,15,12,5,1
2023-01-18,20:00,Premier League,Matchweek 7,Wed,Away,D,1.0,1.0,Crystal Palace,2.1,0.5,60.0,23343.0,Bruno Fernandes,4-2-3-1,Robert Jones,Match Report,,15.0,4.0,19.5,1.0,0.0,0.0,2022,Manchester United,0,8,20,2,0
2023-02-08,20:00,Premier League,Matchweek 8,Wed,Home,D,2.0,2.0,Leeds United,2.0,0.6,66.0,73456.0,Bruno Fernandes,4-2-3-1,Simon Hooper,Match Report,,24.0,6.0,16.7,0.0,0.0,0.0,2022,Manchester United,1,12,20,2,0
2023-02-19,14:00,Premier League,Matchweek 24,Sun,Home,W,3.0,0.0,Leicester City,4.4,1.6,57.0,73578.0,Bruno Fernandes,4-2-3-1,Stuart Attwell,Match Report,,26.0,8.0,15.5,1.0,0.0,0.0,2022,Manchester United,1,13,14,6,1
2023-03-12,14:00,Premier League,Matchweek 27,Sun,Home,D,0.0,0.0,Southampton,0.8,1.0,47.0,73439.0,Bruno Fernandes,4-1-4-1,Anthony Taylor,Match Report,,10.0,4.0,15.4,0.0,0.0,0.0,2022,Manchester United,1,21,14,6,0
2023-04-08,12:30,Premier League,Matchweek 30,Sat,Home,W,2.0,0.0,Everton,3.4,1.0,63.0,73509.0,Harry Maguire,4-2-3-1,Michael Oliver,Match Report,,29.0,11.0,16.5,0.0,0.0,0.0,2022,Manchester United,1,9,12,5,1
2023-04-16,16:30,Premier League,Matchweek 31,Sun,Away,W,2.0,0.0,Nott'ham Forest,3.5,0.7,68.0,29435.0,Harry Maguire,4-2-3-1,Simon Hooper,Match Report,,22.0,7.0,15.4,1.0,0.0,0.0,2022,Manchester United,0,19,16,6,1
2023-05-13,15:00,Premier League,Matchweek 36,Sat,Home,W,2.0,0.0,Wolves,3.2,0.3,48.0,73570.0,Bruno Fernandes,4-2-3-1,John Brooks,Match Report,,27.0,9.0,19.3,2.0,0.0,0.0,2022,Manchester United,1,26,15,5,1
2023-05-25,20:00,Premier League,Matchweek 32,Thu,Home,W,4.0,1.0,Chelsea,5.2,1.9,42.0,73561.0,Bruno Fernandes,4-2-3-1,Stuart Attwell,Match Report,,17.0,8.0,15.3,0.0,1.0,1.0,2022,Manchester United,1,7,20,3,1
2023-05-28,16:30,Premier League,Matchweek 38,Sun,Home,W,2.0,1.0,Fulham,2.9,1.8,53.0,73465.0,Harry Maguire,4-2-3-1,Robert Jones,Match Report,,21.0,8.0,20.7,1.0,0.0,0.0,2022,Manchester United,1,10,16,6,1
2022-08-06,15:00,Premier League,Matchweek 1,Sat,Home,W,2.0,0.0,Nott'ham Forest,1.7,0.3,61.0,52245.0,Kieran Trippier,4-3-3,Simon Hooper,Match Report,,23.0,9.0,16.0,1.0,0.0,0.0,2022,Newcastle United,1,19,15,5,1
2022-09-03,15:00,Premier League,Matchweek 6,Sat,Home,D,0.0,0.0,Crystal Palace,2.8,1.0,52.0,51863.0,Kieran Trippier,4-3-3,Michael Salisbury,Match Report,,23.0,5.0,12.8,1.0,0.0,0.0,2022,Newcastle United,1,8,15,5,0
2022-09-17,15:00,Premier League,Matchweek 8,Sat,Home,D,1.0,1.0,Bournemouth,1.9,0.7,72.0,52238.0,Kieran Trippier,4-3-3,Craig Pawson,Match Report,,19.0,6.0,20.0,1.0,1.0,1.0,2022,Newcastle United,1,2,15,5,0
2022-10-01,15:00,Premier League,Matchweek 9,Sat,Away,W,4.0,1.0,Fulham,3.3,0.5,67.0,22913.0,Kieran Trippier,4-3-3,Darren England,Match Report,,19.0,10.0,12.9,0.0,0.0,0.0,2022,Newcastle United,0,10,15,5,1
2022-10-08,15:00,Premier League,Matchweek 10,Sat,Home,W,5.0,1.0,Brentford,1.5,1.2,54.0,52067.0,Kieran Trippier,4-3-3,John Brooks,Match Report,,16.0,6.0,18.6,0.0,0.0,0.0,2022,Newcastle United,1,3,15,5,1
2022-10-29,15:00,Premier League,Matchweek 14,Sat,Home,W,4.0,0.0,Aston Villa,3.4,0.4,59.0,52233.0,Kieran Trippier,4-3-3,Paul Tierney,Match Report,,19.0,6.0,16.3,0.0,1.0,1.0,2022,Newcastle United,1,1,15,5,1
2022-12-26,15:00,Premier League,Matchweek 17,Mon,Away,W,3.0,0.0,Leicester City,1.9,0.5,40.0,32185.0,Kieran Trippier,4-3-3,Jarred Gillett,Match Report,,11.0,4.0,16.8,0.0,1.0,1.0,2022,Newcastle United,0,13,15,0,1
2022-12-31,15:00,Premier League,Matchweek 18,Sat,Home,D,0.0,0.0,Leeds United,2.2,0.4,60.0,52211.0,Kieran Trippier,4-3-3,Simon Hooper,Match Report,,16.0,5.0,15.4,1.0,0.0,0.0,2022,Newcastle United,1,12,15,5,0
2023-01-15,14:00,Premier League,Matchweek 20,Sun,Home,W,1.0,0.0,Fulham,2.2,1.1,62.0,52247.0,Kieran Trippier,4-3-3,Robert Jones,Match Report,,20.0,5.0,16.7,2.0,0.0,0.0,2022,Newcastle United,1,10,14,6,1
2023-01-21,17:30,Premier League,Matchweek 21,Sat,Away,D,0.0,0.0,Crystal Palace,1.2,0.3,60.0,25350.0,Kieran Trippier,4-3-3,Craig Pawson,Match Report,,16.0,7.0,13.1,0.0,0.0,0.0,2022,Newcastle United,0,8,17,5,0
2023-03-12,16:30,Premier League,Matchweek 27,Sun,Home,W,2.0,1.0,Wolves,1.8,1.1,43.0,52240.0,Kieran Trippier,4-3-3,Andy Madley,Match Report,,19.0,8.0,15.9,2.0,0.0,0.0,2022,Newcastle United,1,26,16,6,1
2023-04-02,16:30,Premier League,Matchweek 29,Sun,Home,W,2.0,0.0,Manchester Utd,3.7,0.4,46.0,52268.0,Kieran Trippier,4-3-3,Stuart Attwell,Match Report,,22.0,6.0,13.2,0.0,0.0,0.0,2022,Newcastle United,1,16,16,6,1
2023-04-05,20:00,Premier League,Matchweek 7,Wed,Away,W,5.0,1.0,West Ham,3.3,1.0,58.0,62481.0,Kieran Trippier,4-3-3,Craig Pawson,Match Report,,15.0,7.0,20.4,0.0,0.0,0.0,2022,Newcastle United,0,25,20,2,1
2023-04-23,14:00,Premier League,Matchweek 32,Sun,Home,W,6.0,1.0,Tottenham,3.7,1.0,56.0,52252.0,Kieran Trippier,4-3-3,David Coote,Match Report,,25.0,8.0,14.3,0.0,0.0,0.0,2022,Newcastle United,1,22,14,6,1
2023-04-27,19:45,Premier League,Matchweek 33,Thu,Away,W,4.0,1.0,Everton,2.4,0.9,60.0,39248.0,Kieran Trippier,4-3-3,Andre Marriner,Match Report,,15.0,7.0,14.3,0.0,0.0,0.0,2022,Newcastle United,0,9,19,3,1
2023-04-30,14:00,Premier League,Matchweek 34,Sun,Home,W,3.0,1.0,Southampton,4.3,0.8,63.0,52234.0,Kieran Trippier,4-3-3,Anthony Taylor,Match Report,,22.0,5.0,13.3,0.0,0.0,0.0,2022,Newcastle United,1,21,14,6,1
2023-05-18,19:30,Premier League,Matchweek 25,Thu,Home,W,4.0,1.0,Brighton,3.6,0.5,35.0,52122.0,Kieran Trippier,4-3-3,Robert Jones,Match Report,,22.0,8.0,13.3,1.0,0.0,0.0,2022,Newcastle United,1,4,19,3,1
2023-05-22,20:00,Premier League,Matchweek 37,Mon,Home,D,0.0,0.0,Leicester City,2.1,0.1,77.0,52152.0,Kieran Trippier,4-3-3,Andre Marriner,Match Report,,23.0,3.0,15.9,0.0,0.0,0.0,2022,Newcastle United,1,13,20,0,0
2022-08-15,20:00,Premier League,Matchweek 2,Mon,Home,D,1.0,1.0,Crystal Palace,2.0,1.0,72.0,52970.0,James Milner,4-3-3,Paul Tierney,Match Report,,24.0,4.0,17.4,0.0,0.0,0.0,2022,Liverpool,1,8,20,0,0
2022-08-27,15:00,Premier League,Matchweek 4,Sat,Home,W,9.0,0.0,Bournemouth,3.3,0.3,69.0,53328.0,Jordan Henderson,4-3-3,Stuart Attwell,Match Report,,19.0,12.0,11.6,0.0,0.0,0.0,2022,Liverpool,1,2,15,5,1
2022-09-03,12:30,Premier League,Matchweek 6,Sat,Away,D,0.0,0.0,Everton,2.1,1.7,61.0,39240.0,Virgil van Dijk,4-3-3,Anthony Taylor,Match Report,,23.0,8.0,13.1,0.0,0.0,0.0,2022,Liverpool,0,9,12,5,0
2022-10-19,19:30,Premier League,Matchweek 12,Wed,Home,W,1.0,0.0,West Ham,1.7,1.7,54.0,52982.0,Jordan Henderson,4-4-2,Stuart Attwell,Match Report,,22.0,7.0,17.5,0.0,0.0,0.0,2022,Liverpool,1,25,19,2,1
2022-10-22,12:30,Premier League,Matchweek 13,Sat,Away,L,0.0,1.0,Nott'ham Forest,1.6,1.9,75.0,29245.0,James Milner,4-4-2,Paul Tierney,Match Report,,15.0,7.0,10.4,0.0,0.0,0.0,2022,Liverpool,0,19,12,5,0
2022-10-29,19:45,Premier League,Matchweek 14,Sat,Home,L,1.0,2.0,Leeds United,1.7,1.8,68.0,53274.0,Virgil van Dijk,4-1-2-1-2◆,Michael Oliver,Match Report,,22.0,10.0,16.4,0.0,0.0,0.0,2022,Liverpool,1,12,19,5,0
2022-11-06,16:30,Premier League,Matchweek 15,Sun,Away,W,2.0,1.0,Tottenham,1.2,1.2,53.0,62008.0,Virgil van Dijk,4-1-2-1-2◆,Andy Madley,Match Report,,13.0,6.0,21.2,0.0,0.0,0.0,2022,Liverpool,0,22,16,6,1
2022-11-12,15:00,Premier League,Matchweek 16,Sat,Home,W,3.0,1.0,Southampton,1.9,1.1,60.0,53331.0,Virgil van Dijk,4-3-3,Simon Hooper,Match Report,,15.0,7.0,12.4,0.0,0.0,0.0,2022,Liverpool,1,21,15,5,1
2022-12-26,17:30,Premier League,Matchweek 17,Mon,Away,W,3.0,1.0,Aston Villa,2.7,1.4,52.0,42085.0,Jordan Henderson,4-3-3,Paul Tierney,Match Report,,16.0,9.0,17.0,0.0,0.0,0.0,2022,Liverpool,0,1,17,0,1
2023-03-01,20:00,Premier League,Matchweek 7,Wed,Home,W,2.0,0.0,Wolves,2.6,0.8,57.0,53259.0,Virgil van Dijk,4-3-3,Paul Tierney,Match Report,,15.0,6.0,13.6,0.0,0.0,0.0,2022,Liverpool,1,26,20,2,1
2023-03-05,16:30,Premier League,Matchweek 26,Sun,Home,W,7.0,0.0,Manchester Utd,2.8,0.8,59.0,53001.0,Jordan Henderson,4-3-3,Andy Madley,Match Report,,18.0,8.0,12.7,0.0,0.0,0.0,2022,Liverpool,1,16,16,6,1
2023-03-11,12:30,Premier League,Matchweek 27,Sat,Away,L,0.0,1.0,Bournemouth,1.7,0.9,69.0,10536.0,Virgil van Dijk,4-3-3,John Brooks,Match Report,,14.0,5.0,18.5,0.0,0.0,1.0,2022,Liverpool,0,2,12,5,0
2023-04-09,16:30,Premier League,Matchweek 30,Sun,Home,D,2.0,2.0,Arsenal,3.9,1.4,59.0,53267.0,Jordan Henderson,4-3-3,Paul Tierney,Match Report,,20.0,6.0,14.0,0.0,0.0,1.0,2022,Liverpool,1,0,16,6,0
2023-04-17,20:00,Premier League,Matchweek 31,Mon,Away,W,6.0,1.0,Leeds United,2.7,1.4,73.0,36657.0,Jordan Henderson,4-3-3,Craig Pawson,Match Report,,13.0,7.0,12.9,0.0,0.0,0.0,2022,Liverpool,0,12,20,0,1
2023-05-06,17:30,Premier League,Matchweek 35,Sat,Home,W,1.0,0.0,Brentford,2.2,0.2,54.0,52838.0,Virgil van Dijk,4-3-3,Anthony Taylor,Match Report,,15.0,5.0,18.8,0.0,0.0,0.0,2022,Liverpool,1,3,17,5,1
2023-05-15,20:00,Premier League,Matchweek 36,Mon,Away,W,3.0,0.0,Leicester City,2.2,0.4,66.0,32225.0,Jordan Henderson,4-3-3,Craig Pawson,Match Report,,16.0,5.0,17.5,1.0,0.0,0.0,2022,Liverpool,0,13,20,0,1
2023-05-28,16:30,Premier League,Matchweek 38,Sun,Away,D,4.0,4.0,Southampton,4.0,1.8,69.0,31129.0,James Milner,4-3-3,Darren England,Match Report,,30.0,8.0,18.5,0.0,0.0,0.0,2022,Liverpool,0,21,16,6,0
2022-08-13,15:00,Premier League,Matchweek 2,Sat,Home,D,0.0,0.0,Newcastle Utd,1.5,0.2,54.0,31552.0,Lewis Dunk,3-4-1-2,Graham Scott,Match Report,,13.0,5.0,17.3,0.0,0.0,0.0,2022,Brighton and Hove Albion,1,17,15,5,0
2022-08-30,19:30,Premier League,Matchweek 5,Tue,Away,L,1.0,2.0,Fulham,1.4,0.7,61.0,22224.0,Lewis Dunk,3-5-2,Thomas Bramall,Match Report,,6.0,2.0,15.3,0.0,1.0,1.0,2022,Brighton and Hove Albion,0,10,19,1,0
2022-09-04,14:00,Premier League,Matchweek 6,Sun,Home,W,5.0,2.0,Leicester City,2.6,1.4,53.0,31185.0,Lewis Dunk,3-5-2,Tony Harrington,Match Report,,22.0,10.0,19.6,2.0,1.0,1.0,2022,Brighton and Hove Albion,1,13,14,6,1
2022-10-01,15:00,Premier League,Matchweek 9,Sat,Away,D,3.0,3.0,Liverpool,1.4,1.5,46.0,53320.0,Lewis Dunk,3-4-3,Andy Madley,Match Report,,6.0,6.0,10.0,0.0,0.0,0.0,2022,Brighton and Hove Albion,0,14,15,5,0
2022-10-18,19:30,Premier League,Matchweek 12,Tue,Home,D,0.0,0.0,Nott'ham Forest,1.7,0.1,70.0,31463.0,Lewis Dunk,3-4-3,Darren England,Match Report,,19.0,7.0,15.7,0.0,0.0,0.0,2022,Brighton and Hove Albion,1,19,19,1,0
2023-01-03,19:45,Premier League,Matchweek 19,Tue,Away,W,4.0,1.0,Everton,2.2,1.3,51.0,39103.0,Lewis Dunk,4-2-3-1,Andre Marriner,Match Report,,19.0,8.0,18.9,1.0,0.0,0.0,2022,Brighton and Hove Albion,0,9,19,1,1
2023-01-14,15:00,Premier League,Matchweek 20,Sat,Home,W,3.0,0.0,Liverpool,1.9,1.0,61.0,31645.0,Lewis Dunk,4-2-3-1,Darren England,Match Report,,16.0,8.0,16.3,0.0,0.0,0.0,2022,Brighton and Hove Albion,1,14,15,5,1
2023-02-04,15:00,Premier League,Matchweek 22,Sat,Home,W,1.0,0.0,Bournemouth,2.2,1.1,71.0,31600.0,Lewis Dunk,3-4-3,Craig Pawson,Match Report,,20.0,6.0,16.3,0.0,0.0,0.0,2022,Brighton and Hove Albion,1,2,15,5,1
2023-02-11,15:00,Premier League,Matchweek 23,Sat,Away,D,1.0,1.0,Crystal Palace,2.5,1.1,73.0,24827.0,Lewis Dunk,4-2-3-1,Michael Oliver,Match Report,,17.0,7.0,13.6,1.0,0.0,0.0,2022,Brighton and Hove Albion,0,8,15,5,0
2023-02-18,15:00,Premier League,Matchweek 24,Sat,Home,L,0.0,1.0,Fulham,2.2,0.3,65.0,31619.0,Lewis Dunk,4-2-3-1,Darren England,Match Report,,21.0,7.0,15.6,1.0,0.0,0.0,2022,Brighton and Hove Albion,1,10,15,5,0
2023-03-04,15:00,Premier League,Matchweek 26,Sat,Home,W,4.0,0.0,West Ham,3.5,0.3,65.0,31523.0,Lewis Dunk,4-2-3-1,Stuart Attwell,Match Report,,19.0,8.0,16.3,0.0,1.0,1.0,2022,Brighton and Hove Albion,1,25,15,5,1
2023-03-11,15:00,Premier League,Matchweek 27,Sat,Away,D,2.0,2.0,Leeds United,2.7,0.9,62.0,36471.0,Lewis Dunk,4-2-3-1,Paul Tierney,Match Report,,15.0,3.0,16.0,0.0,0.0,0.0,2022,Brighton and Hove Albion,0,12,15,5,0
2023-04-01,15:00,Premier League,Matchweek 29,Sat,Home,D,3.0,3.0,Brentford,4.2,1.6,72.0,31493.0,Lewis Dunk,4-2-3-1,Michael Oliver,Match Report,,32.0,13.0,16.7,1.0,1.0,1.0,2022,Brighton and Hove Albion,1,3,15,5,0
2023-04-04,19:45,Premier League,Matchweek 7,Tue,Away,W,2.0,0.0,Bournemouth,2.7,1.7,63.0,10266.0,Lewis Dunk,4-2-3-1,Darren Bond,Match Report,,16.0,6.0,16.9,0.0,0.0,0.0,2022,Brighton and Hove Albion,0,2,19,1,1
2023-04-15,15:00,Premier League,Matchweek 31,Sat,Away,W,2.0,1.0,Chelsea,2.9,0.5,57.0,40126.0,Lewis Dunk,4-2-3-1,Robert Jones,Match Report,,26.0,10.0,17.2,0.0,0.0,0.0,2022,Brighton and Hove Albion,0,7,15,5,1
2023-04-29,15:00,Premier League,Matchweek 34,Sat,Home,W,6.0,0.0,Wolves,3.3,0.8,57.0,31584.0,Lewis Dunk,4-2-3-1,David Coote,Match Report,,22.0,8.0,16.5,0.0,0.0,0.0,2022,Brighton and Hove Albion,1,26,15,5,1
2023-05-08,17:30,Premier League,Matchweek 35,Mon,Home,L,1.0,5.0,Everton,3.2,2.3,78.0,31567.0,Lewis Dunk,4-2-3-1,Simon Hooper,Match Report,,23.0,5.0,13.3,0.0,0.0,0.0,2022,Brighton and Hove Albion,1,9,17,0,0
2023-05-14,16:30,Premier League,Matchweek 36,Sun,Away,W,3.0,0.0,Arsenal,1.7,0.9,59.0,60139.0,Lewis Dunk,4-2-3-1,Andy Madley,Match Report,,12.0,6.0,18.3,0.0,0.0,0.0,2022,Brighton and Hove Albion,0,0,16,6,1
2023-05-21,14:00,Premier League,Matchweek 37,Sun,Home,W,3.0,1.0,Southampton,2.5,0.6,63.0,31507.0,Lewis Dunk,4-2-3-1,Paul Tierney,Match Report,,26.0,8.0,17.4,0.0,0.0,0.0,2022,Brighton and Hove Albion,1,21,14,6,1
2023-05-24,20:00,Premier League,Matchweek 32,Wed,Home,D,1.0,1.0,Manchester City,2.2,1.8,40.0,31388.0,Pascal Groß,4-2-3-1,Simon Hooper,Match Report,,20.0,7.0,17.4,2.0,0.0,0.0,2022,Brighton and Hove Albion,1,15,20,2,0
2022-10-02,16:30,Premier League,Matchweek 9,Sun,Away,D,0.0,0.0,Leeds United,2.2,0.4,56.0,36582.0,John McGinn,4-3-3,Stuart Attwell,Match Report,,19.0,6.0,17.8,0.0,0.0,0.0,2022,Aston Villa,0,12,16,6,0
2022-10-16,14:00,Premier League,Matchweek 11,Sun,Home,L,0.0,2.0,Chelsea,1.8,0.9,42.0,41754.0,John McGinn,4-3-3,Robert Jones,Match Report,,18.0,7.0,15.3,1.0,0.0,0.0,2022,Aston Villa,1,7,14,6,0
2022-10-20,19:30,Premier League,Matchweek 12,Thu,Away,L,0.0,3.0,Fulham,1.2,2.1,40.0,23508.0,John McGinn,4-3-2-1,Michael Oliver,Match Report,,12.0,6.0,15.0,0.0,0.0,0.0,2022,Aston Villa,0,10,19,3,0
2022-10-23,14:00,Premier League,Matchweek 13,Sun,Home,W,4.0,0.0,Brentford,2.8,0.9,45.0,41693.0,Emiliano Martínez,4-2-3-1,Darren England,Match Report,,18.0,10.0,18.7,0.0,1.0,1.0,2022,Aston Villa,1,3,14,6,1
2022-11-06,14:00,Premier League,Matchweek 15,Sun,Home,W,3.0,1.0,Manchester Utd,0.6,0.5,42.0,42058.0,Emiliano Martínez,4-2-2-2,Anthony Taylor,Match Report,,6.0,4.0,22.7,1.0,0.0,0.0,2022,Aston Villa,1,16,14,6,1
2022-12-26,17:30,Premier League,Matchweek 17,Mon,Home,L,1.0,3.0,Liverpool,1.4,2.7,48.0,42085.0,John McGinn,4-4-2,Paul Tierney,Match Report,,12.0,6.0,15.3,0.0,0.0,0.0,2022,Aston Villa,1,14,17,0,0
2023-01-01,14:00,Premier League,Matchweek 18,Sun,Away,W,2.0,0.0,Tottenham,1.0,0.7,41.0,61651.0,John McGinn,4-4-2,John Brooks,Match Report,,13.0,4.0,20.8,1.0,0.0,0.0,2022,Aston Villa,0,22,14,6,1
2023-03-18,15:00,Premier League,Matchweek 28,Sat,Home,W,3.0,0.0,Bournemouth,3.5,1.3,56.0,41021.0,John McGinn,4-2-3-1,Robert Jones,Match Report,,20.0,9.0,13.9,0.0,0.0,0.0,2022,Aston Villa,1,2,15,5,1
2023-04-08,15:00,Premier League,Matchweek 30,Sat,Home,W,2.0,0.0,Nott'ham Forest,1.3,0.2,63.0,42076.0,John McGinn,4-4-2,Anthony Taylor,Match Report,,8.0,3.0,12.4,0.0,0.0,0.0,2022,Aston Villa,1,19,15,5,1
2023-04-15,12:30,Premier League,Matchweek 31,Sat,Home,W,3.0,0.0,Newcastle Utd,1.9,0.5,52.0,42055.0,John McGinn,4-2-3-1,John Brooks,Match Report,,16.0,6.0,18.3,0.0,0.0,0.0,2022,Aston Villa,1,17,12,5,1
2023-04-25,19:45,Premier League,Matchweek 33,Tue,Home,W,1.0,0.0,Fulham,1.0,0.1,51.0,41046.0,John McGinn,4-2-3-1,Thomas Bramall,Match Report,,14.0,3.0,16.4,0.0,0.0,0.0,2022,Aston Villa,1,10,19,1,1
2023-05-20,15:00,Premier League,Matchweek 37,Sat,Away,D,1.0,1.0,Liverpool,1.3,0.7,34.0,53306.0,John McGinn,4-2-3-1,John Brooks,Match Report,,5.0,3.0,19.5,0.0,0.0,1.0,2022,Aston Villa,0,14,15,5,0
2022-08-06,15:00,Premier League,Matchweek 1,Sat,Home,W,4.0,1.0,Southampton,1.5,0.5,58.0,61732.0,Hugo Lloris,3-4-3,Andre Marriner,Match Report,,18.0,8.0,16.5,0.0,0.0,0.0,2022,Tottenham Hotspur,1,21,15,5,1
2022-08-20,12:30,Premier League,Matchweek 3,Sat,Home,W,1.0,0.0,Wolves,1.7,0.7,50.0,61298.0,Hugo Lloris,3-4-3,Simon Hooper,Match Report,,11.0,4.0,11.7,0.0,0.0,0.0,2022,Tottenham Hotspur,1,26,12,5,1
2022-08-28,16:30,Premier League,Matchweek 4,Sun,Away,W,2.0,0.0,Nott'ham Forest,2.4,0.9,45.0,29296.0,Hugo Lloris,3-4-3,Craig Pawson,Match Report,,17.0,5.0,19.7,0.0,0.0,1.0,2022,Tottenham Hotspur,0,19,16,6,1
2022-09-03,15:00,Premier League,Matchweek 6,Sat,Home,W,2.0,1.0,Fulham,2.9,0.7,52.0,61641.0,Hugo Lloris,3-4-3,Stuart Attwell,Match Report,,23.0,10.0,15.5,1.0,0.0,0.0,2022,Tottenham Hotspur,1,10,15,5,1
2022-09-17,17:30,Premier League,Matchweek 8,Sat,Home,W,6.0,2.0,Leicester City,2.2,1.8,44.0,61450.0,Hugo Lloris,3-4-3,Simon Hooper,Match Report,,16.0,11.0,16.5,0.0,0.0,0.0,2022,Tottenham Hotspur,1,13,17,5,1
2022-10-08,17:30,Premier League,Matchweek 10,Sat,Away,W,1.0,0.0,Brighton,0.8,0.7,41.0,31498.0,Hugo Lloris,3-5-2,Tony Harrington,Match Report,,8.0,3.0,18.7,1.0,0.0,0.0,2022,Tottenham Hotspur,0,4,17,5,1
2022-10-15,17:30,Premier League,Matchweek 11,Sat,Home,W,2.0,0.0,Everton,2.2,0.4,62.0,61812.0,Hugo Lloris,3-4-3,Paul Tierney,Match Report,,20.0,6.0,17.2,1.0,1.0,1.0,2022,Tottenham Hotspur,1,9,17,5,1
2022-10-29,15:00,Premier League,Matchweek 14,Sat,Away,W,3.0,2.0,Bournemouth,2.0,0.5,69.0,10430.0,Hugo Lloris,3-5-2,Anthony Taylor,Match Report,,23.0,7.0,15.1,1.0,0.0,0.0,2022,Tottenham Hotspur,0,2,15,5,1
2022-11-12,15:00,Premier League,Matchweek 16,Sat,Home,W,4.0,3.0,Leeds United,1.8,1.1,55.0,61667.0,Hugo Lloris,3-4-3,Michael Salisbury,Match Report,,14.0,7.0,14.5,0.0,0.0,0.0,2022,Tottenham Hotspur,1,12,15,5,1
2023-01-04,20:00,Premier League,Matchweek 19,Wed,Away,W,4.0,0.0,Crystal Palace,1.4,0.8,53.0,25132.0,Hugo Lloris,3-4-3,Michael Oliver,Match Report,,14.0,6.0,16.2,0.0,0.0,0.0,2022,Tottenham Hotspur,0,8,20,2,1
2023-01-15,16:30,Premier League,Matchweek 20,Sun,Home,L,0.0,2.0,Arsenal,1.6,1.8,51.0,61870.0,Hugo Lloris,3-4-3,Craig Pawson,Match Report,,17.0,7.0,16.3,1.0,0.0,0.0,2022,Tottenham Hotspur,1,0,16,6,0
2023-02-05,16:30,Premier League,Matchweek 22,Sun,Home,W,1.0,0.0,Manchester City,1.4,1.3,36.0,61747.0,Hugo Lloris,3-4-3,Andy Madley,Match Report,,12.0,3.0,14.7,0.0,0.0,0.0,2022,Tottenham Hotspur,1,15,16,6,1
2023-02-19,16:30,Premier League,Matchweek 24,Sun,Home,W,2.0,0.0,West Ham,1.5,0.5,57.0,61476.0,Harry Kane,3-4-3,Michael Oliver,Match Report,,16.0,6.0,21.5,0.0,0.0,0.0,2022,Tottenham Hotspur,1,25,16,6,1
2023-02-26,13:30,Premier League,Matchweek 25,Sun,Home,W,2.0,0.0,Chelsea,0.8,0.4,41.0,61613.0,Harry Kane,3-4-3,Stuart Attwell,Match Report,,8.0,3.0,16.5,0.0,0.0,0.0,2022,Tottenham Hotspur,1,7,13,6,1
2023-03-04,15:00,Premier League,Matchweek 26,Sat,Away,L,0.0,1.0,Wolves,1.2,0.5,54.0,31585.0,Harry Kane,3-4-3,Tim Robinson,Match Report,,21.0,6.0,20.6,2.0,0.0,0.0,2022,Tottenham Hotspur,0,26,15,5,0
2023-03-11,15:00,Premier League,Matchweek 27,Sat,Home,W,3.0,1.0,Nott'ham Forest,2.0,1.5,55.0,61460.0,Harry Kane,3-4-3,Craig Pawson,Match Report,,14.0,6.0,14.8,0.0,1.0,1.0,2022,Tottenham Hotspur,1,19,15,5,1
2023-03-18,15:00,Premier League,Matchweek 28,Sat,Away,D,3.0,3.0,Southampton,2.3,2.4,49.0,30157.0,Harry Kane,3-4-3,Simon Hooper,Match Report,,17.0,3.0,15.8,0.0,0.0,0.0,2022,Tottenham Hotspur,0,21,15,5,0
2023-04-15,15:00,Premier League,Matchweek 31,Sat,Home,L,2.0,3.0,Bournemouth,2.2,1.3,58.0,61369.0,Hugo Lloris,3-4-3,Andy Madley,Match Report,,24.0,8.0,17.9,1.0,0.0,0.0,2022,Tottenham Hotspur,1,2,15,5,0
2023-04-27,20:15,Premier League,Matchweek 33,Thu,Home,D,2.0,2.0,Manchester Utd,2.5,2.0,40.0,61586.0,Harry Kane,3-4-3,Anthony Taylor,Match Report,,18.0,7.0,16.5,0.0,0.0,0.0,2022,Tottenham Hotspur,1,16,20,3,0
2023-04-30,16:30,Premier League,Matchweek 34,Sun,Away,L,3.0,4.0,Liverpool,2.0,2.2,33.0,53275.0,Harry Kane,3-4-3,Paul Tierney,Match Report,,10.0,6.0,20.1,0.0,0.0,0.0,2022,Tottenham Hotspur,0,14,16,6,0
2023-05-28,16:30,Premier League,Matchweek 38,Sun,Away,W,4.0,1.0,Leeds United,2.2,1.5,48.0,,Harry Kane,4-4-2,Anthony Taylor,Match Report,,11.0,7.0,14.5,0.0,0.0,0.0,2022,Tottenham Hotspur,0,12,16,6,1
2022-08-07,14:00,Premier League,Matchweek 1,Sun,Away,D,2.0,2.0,Leicester City,0.8,0.6,44.0,31794.0,Pontus Jansson,4-3-3,Jarred Gillett,Match Report,,8.0,3.0,17.0,0.0,0.0,0.0,2022,Brentford,0,13,14,6,0
2022-08-13,17:30,Premier League,Matchweek 2,Sat,Home,W,4.0,0.0,Manchester Utd,1.6,0.9,34.0,17051.0,Pontus Jansson,5-3-2,Stuart Attwell,Match Report,,13.0,7.0,18.6,1.0,0.0,0.0,2022,Brentford,1,16,17,5,1
2022-08-27,15:00,Premier League,Matchweek 4,Sat,Home,D,1.0,1.0,Everton,2.1,1.1,58.0,17009.0,Christian Nørgaard,4-3-3,John Brooks,Match Report,,20.0,5.0,14.8,0.0,0.0,0.0,2022,Brentford,1,9,15,5,0
2022-09-03,15:00,Premier League,Matchweek 6,Sat,Home,W,5.0,2.0,Leeds United,2.3,1.7,32.0,17092.0,Pontus Jansson,4-3-3,Robert Jones,Match Report,,13.0,7.0,18.8,2.0,1.0,1.0,2022,Brentford,1,12,15,5,1
2022-10-19,19:30,Premier League,Matchweek 12,Wed,Home,D,0.0,0.0,Chelsea,1.3,0.9,34.0,17118.0,Ivan Toney,3-5-2,Jarred Gillett,Match Report,,8.0,5.0,14.5,0.0,0.0,0.0,2022,Brentford,1,7,19,2,0
2022-10-29,15:00,Premier League,Matchweek 14,Sat,Home,D,1.0,1.0,Wolves,1.4,0.6,58.0,17051.0,Ivan Toney,4-3-3,Robert Madley,Match Report,,12.0,3.0,15.4,0.0,0.0,0.0,2022,Brentford,1,26,15,5,0
2022-12-26,12:30,Premier League,Matchweek 17,Mon,Home,D,2.0,2.0,Tottenham,2.0,1.1,39.0,17137.0,Christian Nørgaard,3-5-2,David Coote,Match Report,,9.0,4.0,10.2,0.0,0.0,0.0,2022,Brentford,1,22,12,0,0
2022-12-30,19:45,Premier League,Matchweek 18,Fri,Away,W,2.0,0.0,West Ham,1.6,1.3,37.0,62467.0,Christian Nørgaard,3-5-2,Darren England,Match Report,,9.0,6.0,13.4,1.0,0.0,0.0,2022,Brentford,0,25,19,4,1
2023-01-02,17:30,Premier League,Matchweek 19,Mon,Home,W,3.0,1.0,Liverpool,1.7,2.0,28.0,17163.0,Christian Nørgaard,3-5-2,Stuart Attwell,Match Report,,10.0,7.0,10.5,0.0,0.0,0.0,2022,Brentford,1,14,17,0,1
2023-01-14,17:30,Premier League,Matchweek 20,Sat,Home,W,2.0,0.0,Bournemouth,1.4,0.6,50.0,17031.0,Christian Nørgaard,4-3-3,Jarred Gillett,Match Report,,11.0,3.0,23.3,0.0,1.0,1.0,2022,Brentford,1,2,17,5,1
2023-02-04,15:00,Premier League,Matchweek 22,Sat,Home,W,3.0,0.0,Southampton,2.2,0.7,49.0,17051.0,Christian Nørgaard,4-3-3,Darren Bond,Match Report,,14.0,3.0,12.1,0.0,0.0,0.0,2022,Brentford,1,21,15,5,1
2023-03-11,15:00,Premier League,Matchweek 27,Sat,Away,L,0.0,1.0,Everton,2.0,1.0,67.0,39274.0,Christian Nørgaard,4-3-3,Simon Hooper,Match Report,,12.0,3.0,13.0,1.0,0.0,0.0,2022,Brentford,0,9,15,5,0
2023-03-15,19:30,Premier League,Matchweek 7,Wed,Away,W,2.0,0.0,Southampton,1.9,0.5,34.0,30438.0,Christian Nørgaard,4-3-3,Michael Salisbury,Match Report,,11.0,4.0,18.3,0.0,0.0,0.0,2022,Brentford,0,21,19,2,1
2023-04-08,15:00,Premier League,Matchweek 30,Sat,Home,L,1.0,2.0,Newcastle Utd,2.6,1.3,42.0,17107.0,Pontus Jansson,5-3-2,Chris Kavanagh,Match Report,,10.0,4.0,15.5,0.0,1.0,2.0,2022,Brentford,1,17,15,5,0
2023-04-15,15:00,Premier League,Matchweek 31,Sat,Away,L,0.0,2.0,Wolves,1.1,0.8,50.0,30769.0,Christian Nørgaard,4-3-3,Paul Tierney,Match Report,,10.0,3.0,15.6,0.0,0.0,0.0,2022,Brentford,0,26,15,5,0
2023-04-29,15:00,Premier League,Matchweek 34,Sat,Home,W,2.0,1.0,Nott'ham Forest,1.6,0.7,68.0,17080.0,Ivan Toney,4-3-3,Peter Bankes,Match Report,,14.0,8.0,16.8,1.0,0.0,0.0,2022,Brentford,1,19,15,5,1
2023-05-14,14:00,Premier League,Matchweek 36,Sun,Home,W,2.0,0.0,West Ham,3.4,0.2,53.0,17075.0,David Raya,4-3-3,Michael Oliver,Match Report,,24.0,9.0,12.8,0.0,0.0,0.0,2022,Brentford,1,25,14,6,1
2022-08-20,15:00,Premier League,Matchweek 3,Sat,Home,W,3.0,2.0,Brentford,2.4,1.8,43.0,21798.0,Tim Ream,4-2-3-1,Peter Bankes,Match Report,,18.0,9.0,15.5,1.0,0.0,0.0,2022,Fulham,1,3,15,5,1
2022-10-15,15:00,Premier League,Matchweek 11,Sat,Home,D,2.0,2.0,Bournemouth,2.1,1.0,69.0,22541.0,Tim Ream,4-2-3-1,Graham Scott,Match Report,,18.0,3.0,18.9,0.0,1.0,1.0,2022,Fulham,1,2,15,5,0
2022-10-20,19:30,Premier League,Matchweek 12,Thu,Home,W,3.0,0.0,Aston Villa,2.1,1.2,60.0,23508.0,Tim Ream,4-2-3-1,Michael Oliver,Match Report,,17.0,6.0,16.7,1.0,1.0,1.0,2022,Fulham,1,1,19,3,1
2022-10-29,17:30,Premier League,Matchweek 14,Sat,Home,D,0.0,0.0,Everton,1.9,0.9,56.0,23534.0,Tim Ream,4-2-3-1,John Brooks,Match Report,,24.0,6.0,16.4,0.0,0.0,0.0,2022,Fulham,1,9,17,5,0
2022-12-26,15:00,Premier League,Matchweek 17,Mon,Away,W,3.0,0.0,Crystal Palace,2.5,0.4,64.0,25176.0,Tim Ream,4-2-3-1,Andy Madley,Match Report,,23.0,10.0,13.4,1.0,0.0,0.0,2022,Fulham,0,8,15,0,1
2023-02-11,15:00,Premier League,Matchweek 23,Sat,Home,W,2.0,0.0,Nott'ham Forest,1.5,0.7,50.0,24244.0,Tim Ream,4-2-3-1,Andy Madley,Match Report,,16.0,3.0,15.0,1.0,0.0,0.0,2022,Fulham,1,19,15,5,1
2023-04-22,12:30,Premier League,Matchweek 32,Sat,Home,W,2.0,1.0,Leeds United,1.7,0.8,50.0,24356.0,Tim Ream,4-2-3-1,Peter Bankes,Match Report,,12.0,5.0,24.4,3.0,0.0,0.0,2022,Fulham,1,12,12,5,1
2023-05-13,15:00,Premier League,Matchweek 36,Sat,Away,W,2.0,0.0,Southampton,1.4,0.4,64.0,28978.0,Tom Cairney,4-2-3-1,Thomas Bramall,Match Report,,9.0,3.0,17.5,0.0,0.0,0.0,2022,Fulham,0,21,15,5,1
2022-08-20,15:00,Premier League,Matchweek 3,Sat,Home,W,3.0,1.0,Aston Villa,2.6,0.9,51.0,22012.0,Joel Ward,4-3-3,Andy Madley,Match Report,,16.0,8.0,15.6,1.0,0.0,1.0,2022,Crystal Palace,1,1,15,5,1
2022-12-31,15:00,Premier League,Matchweek 18,Sat,Away,W,2.0,0.0,Bournemouth,1.6,0.6,41.0,9972.0,Joel Ward,4-2-3-1,Andre Marriner,Match Report,,15.0,6.0,18.9,1.0,0.0,0.0,2022,Crystal Palace,0,2,15,5,1
2023-02-18,15:00,Premier League,Matchweek 24,Sat,Away,D,1.0,1.0,Brentford,1.1,0.9,41.0,17122.0,Marc Guéhi,4-2-3-1,Paul Tierney,Match Report,,10.0,4.0,14.4,0.0,0.0,0.0,2022,Crystal Palace,0,3,15,5,0
2023-04-01,15:00,Premier League,Matchweek 29,Sat,Home,W,2.0,1.0,Leicester City,2.3,0.2,52.0,25147.0,Wilfried Zaha,4-3-3,Tim Robinson,Match Report,,31.0,9.0,19.0,2.0,0.0,0.0,2022,Crystal Palace,1,13,15,5,1
2023-04-09,14:00,Premier League,Matchweek 30,Sun,Away,W,5.0,1.0,Leeds United,3.0,0.9,52.0,36427.0,Joel Ward,4-3-3,Simon Hooper,Match Report,,16.0,7.0,12.3,1.0,0.0,0.0,2022,Crystal Palace,0,12,14,6,1
2023-04-15,15:00,Premier League,Matchweek 31,Sat,Away,W,2.0,0.0,Southampton,0.9,0.8,42.0,30309.0,Joel Ward,4-3-3,Michael Oliver,Match Report,,10.0,2.0,23.7,2.0,0.0,0.0,2022,Crystal Palace,0,21,15,5,1
2023-05-28,16:30,Premier League,Matchweek 38,Sun,Home,D,1.0,1.0,Nott'ham Forest,1.4,0.5,66.0,25198.0,Joel Ward,4-2-3-1,Thomas Bramall,Match Report,,15.0,3.0,17.3,1.0,0.0,0.0,2022,Crystal Palace,1,19,16,6,0
2022-10-08,15:00,Premier League,Matchweek 10,Sat,Home,W,3.0,0.0,Wolves,1.9,1.1,57.0,39940.0,César Azpilicueta,4-2-3-1,Simon Hooper,Match Report,,20.0,7.0,14.7,0.0,0.0,0.0,2022,Chelsea,1,26,15,5,1
2022-12-27,17:30,Premier League,Matchweek 17,Tue,Home,W,2.0,0.0,Bournemouth,1.8,0.5,60.0,40046.0,Jorginho,4-3-3,Simon Hooper,Match Report,,15.0,5.0,15.7,0.0,0.0,0.0,2022,Chelsea,1,2,17,1,1
2023-01-12,20:00,Premier League,Matchweek 7,Thu,Away,L,1.0,2.0,Fulham,2.1,1.0,52.0,24460.0,César Azpilicueta,3-5-2,David Coote,Match Report,,20.0,10.0,16.6,1.0,0.0,0.0,2022,Chelsea,0,10,20,3,0
2023-02-18,15:00,Premier League,Matchweek 24,Sat,Home,L,0.0,1.0,Southampton,1.6,0.6,62.0,40152.0,César Azpilicueta,4-2-3-1,David Coote,Match Report,,17.0,4.0,17.0,1.0,0.0,0.0,2022,Chelsea,1,21,15,5,0
2023-04-01,17:30,Premier League,Matchweek 29,Sat,Home,L,0.0,2.0,Aston Villa,2.1,0.9,69.0,40082.0,Mateo Kovačić,3-4-3,Andy Madley,Match Report,,27.0,7.0,16.3,0.0,0.0,0.0,2022,Chelsea,1,1,17,5,0
2023-04-04,20:00,Premier League,Matchweek 8,Tue,Home,D,0.0,0.0,Liverpool,2.2,0.3,49.0,40093.0,N'Golo Kanté,3-5-2,Anthony Taylor,Match Report,,12.0,2.0,16.1,0.0,0.0,0.0,2022,Chelsea,1,14,20,1,0
2023-05-13,15:00,Premier League,Matchweek 36,Sat,Home,D,2.0,2.0,Nott'ham Forest,1.2,1.3,75.0,40030.0,Thiago Silva,4-3-3,Paul Tierney,Match Report,,14.0,6.0,17.4,1.0,0.0,0.0,2022,Chelsea,1,19,15,5,0
2023-05-21,16:00,Premier League,Matchweek 37,Sun,Away,L,0.0,1.0,Manchester City,1.2,1.2,36.0,53490.0,César Azpilicueta,3-4-1-2,Michael Oliver,Match Report,,13.0,6.0,15.7,1.0,0.0,0.0,2022,Chelsea,0,15,16,6,0
2022-10-23,14:00,Premier League,Matchweek 13,Sun,Home,L,0.0,4.0,Leicester City,2.1,0.9,60.0,31425.0,Rúben Neves,4-2-3-1,Michael Oliver,Match Report,,21.0,5.0,15.7,1.0,0.0,0.0,2022,Wolverhampton Wanderers,1,13,14,6,0
2023-03-18,15:00,Premier League,Matchweek 28,Sat,Home,L,2.0,4.0,Leeds United,2.7,1.6,65.0,31570.0,Rúben Neves,4-3-3,Michael Salisbury,Match Report,,23.0,8.0,16.1,1.0,0.0,0.0,2022,Wolverhampton Wanderers,1,12,15,5,0
2022-08-14,14:00,Premier League,Matchweek 2,Sun,Away,L,0.0,1.0,Nott'ham Forest,2.1,1.3,57.0,29281.0,Declan Rice,4-3-3,Robert Jones,Match Report,,18.0,3.0,19.3,2.0,0.0,1.0,2022,West Ham United,0,19,14,6,0
2022-08-28,14:00,Premier League,Matchweek 4,Sun,Away,W,1.0,0.0,Aston Villa,0.6,0.5,42.0,41796.0,Declan Rice,3-5-2,David Coote,Match Report,,7.0,2.0,24.8,1.0,0.0,0.0,2022,West Ham United,0,1,14,6,1
2022-08-31,19:45,Premier League,Matchweek 5,Wed,Home,D,1.0,1.0,Tottenham,1.2,0.6,39.0,62450.0,Declan Rice,4-2-3-1,Peter Bankes,Match Report,,14.0,4.0,16.3,0.0,0.0,0.0,2022,West Ham United,1,22,19,2,0
2022-09-03,15:00,Premier League,Matchweek 6,Sat,Away,L,1.0,2.0,Chelsea,1.1,0.9,33.0,39923.0,Declan Rice,3-4-1-2,Andy Madley,Match Report,,6.0,3.0,15.9,0.0,0.0,0.0,2022,West Ham United,0,7,15,5,0
2022-09-18,14:15,Premier League,Matchweek 8,Sun,Away,L,0.0,1.0,Everton,1.0,0.4,47.0,39298.0,Declan Rice,4-2-3-1,Michael Oliver,Match Report,,14.0,4.0,15.2,0.0,0.0,0.0,2022,West Ham United,0,9,14,6,0
2022-10-01,17:30,Premier League,Matchweek 9,Sat,Home,W,2.0,0.0,Wolves,0.9,0.7,39.0,62444.0,Declan Rice,4-2-3-1,Paul Tierney,Match Report,,18.0,5.0,20.3,1.0,0.0,0.0,2022,West Ham United,1,26,17,5,1
2022-10-09,14:00,Premier League,Matchweek 10,Sun,Home,W,3.0,1.0,Fulham,2.4,0.7,50.0,62407.0,Declan Rice,4-2-3-1,Chris Kavanagh,Match Report,,16.0,7.0,16.4,0.0,1.0,1.0,2022,West Ham United,1,10,14,6,1
2022-10-16,14:00,Premier League,Matchweek 11,Sun,Away,D,1.0,1.0,Southampton,1.7,0.5,61.0,29159.0,Declan Rice,3-4-3,Peter Bankes,Match Report,,25.0,4.0,18.8,0.0,0.0,0.0,2022,West Ham United,0,21,14,6,0
2022-10-24,20:00,Premier League,Matchweek 13,Mon,Home,W,2.0,0.0,Bournemouth,1.9,0.4,55.0,62447.0,Declan Rice,4-2-3-1,David Coote,Match Report,,19.0,3.0,21.1,1.0,1.0,1.0,2022,West Ham United,1,2,20,0,1
2022-10-30,16:15,Premier League,Matchweek 14,Sun,Away,L,0.0,1.0,Manchester Utd,1.1,1.2,47.0,73682.0,Declan Rice,4-2-3-1,Chris Kavanagh,Match Report,,13.0,4.0,22.3,0.0,0.0,0.0,2022,West Ham United,0,16,16,6,0
2022-11-12,15:00,Premier League,Matchweek 16,Sat,Home,L,0.0,2.0,Leicester City,1.4,1.8,54.0,62459.0,Declan Rice,4-2-3-1,Jarred Gillett,Match Report,,18.0,6.0,16.4,0.0,0.0,0.0,2022,West Ham United,1,13,15,5,0
2022-12-26,20:00,Premier League,Matchweek 17,Mon,Away,L,1.0,3.0,Arsenal,1.0,2.1,34.0,60125.0,Declan Rice,4-2-3-1,Michael Oliver,Match Report,,7.0,3.0,24.2,0.0,1.0,1.0,2022,West Ham United,0,0,20,0,0
2023-01-14,15:00,Premier League,Matchweek 20,Sat,Away,L,0.0,1.0,Wolves,1.1,0.9,42.0,31511.0,Declan Rice,4-3-3,Simon Hooper,Match Report,,16.0,3.0,18.4,0.0,0.0,0.0,2022,West Ham United,0,26,15,5,0
2023-01-21,15:00,Premier League,Matchweek 21,Sat,Home,W,2.0,0.0,Everton,2.2,0.5,33.0,62470.0,Declan Rice,3-4-3,Stuart Attwell,Match Report,,11.0,4.0,11.9,0.0,0.0,0.0,2022,West Ham United,1,9,15,5,1
2023-02-25,15:00,Premier League,Matchweek 25,Sat,Home,W,4.0,0.0,Nott'ham Forest,2.7,0.4,49.0,62469.0,Declan Rice,4-3-3,Jarred Gillett,Match Report,,18.0,5.0,14.9,0.0,0.0,0.0,2022,West Ham United,1,19,15,5,1
2023-03-12,14:00,Premier League,Matchweek 27,Sun,Home,D,1.0,1.0,Aston Villa,2.1,1.5,41.0,62472.0,Declan Rice,4-1-4-1,Chris Kavanagh,Match Report,,16.0,4.0,16.7,0.0,1.0,1.0,2022,West Ham United,1,1,14,6,0
2023-04-08,15:00,Premier League,Matchweek 30,Sat,Away,W,1.0,0.0,Fulham,1.1,0.7,24.0,24491.0,Declan Rice,4-4-2,Jarred Gillett,Match Report,,9.0,5.0,14.1,0.0,0.0,0.0,2022,West Ham United,0,10,15,5,1
2023-04-23,14:00,Premier League,Matchweek 32,Sun,Away,W,4.0,0.0,Bournemouth,2.4,1.5,36.0,10465.0,Declan Rice,4-3-3,Anthony Taylor,Match Report,,18.0,10.0,16.2,1.0,0.0,0.0,2022,West Ham United,0,2,14,6,1
2023-05-21,13:30,Premier League,Matchweek 37,Sun,Home,W,3.0,1.0,Leeds United,2.1,0.9,59.0,62478.0,Declan Rice,4-2-3-1,Peter Bankes,Match Report,,19.0,9.0,14.6,0.0,0.0,0.0,2022,West Ham United,1,12,13,6,1
2022-08-06,15:00,Premier League,Matchweek 1,Sat,Home,W,2.0,0.0,Aston Villa,0.6,0.7,35.0,11013.0,Lloyd Kelly,3-4-3,Peter Bankes,Match Report,,7.0,3.0,15.7,0.0,0.0,0.0,2022,Bournemouth,1,1,15,5,1
2022-10-08,15:00,Premier League,Matchweek 10,Sat,Home,W,2.0,1.0,Leicester City,1.1,1.0,45.0,10272.0,Adam Smith,4-4-2,Michael Salisbury,Match Report,,10.0,4.0,15.0,1.0,0.0,0.0,2022,Bournemouth,1,13,15,5,1
2022-10-19,19:30,Premier League,Matchweek 12,Wed,Home,L,0.0,1.0,Southampton,1.0,1.0,54.0,10405.0,Adam Smith,3-4-3,John Brooks,Match Report,,15.0,3.0,17.6,1.0,0.0,0.0,2022,Bournemouth,1,21,19,2,0
2022-11-12,15:00,Premier League,Matchweek 16,Sat,Home,W,3.0,0.0,Everton,2.4,0.8,36.0,10382.0,Adam Smith,4-4-2,Craig Pawson,Match Report,,16.0,8.0,13.6,0.0,0.0,0.0,2022,Bournemouth,1,9,15,5,1
2023-04-01,15:00,Premier League,Matchweek 29,Sat,Home,W,2.0,1.0,Fulham,2.6,0.8,43.0,10305.0,Neto,4-4-1-1,Peter Bankes,Match Report,,12.0,6.0,12.5,0.0,0.0,0.0,2022,Bournemouth,1,10,15,5,1
2023-04-08,15:00,Premier League,Matchweek 30,Sat,Away,W,1.0,0.0,Leicester City,2.0,0.7,49.0,32094.0,Neto,4-2-3-1,David Coote,Match Report,,19.0,7.0,14.7,1.0,0.0,0.0,2022,Bournemouth,0,13,15,5,1
2023-04-15,15:00,Premier League,Matchweek 31,Sat,Away,W,3.0,2.0,Tottenham,1.3,2.2,42.0,61369.0,Neto,3-4-3,Andy Madley,Match Report,,9.0,6.0,17.9,0.0,0.0,0.0,2022,Bournemouth,0,22,15,5,1
2023-04-27,19:45,Premier League,Matchweek 33,Thu,Away,W,1.0,0.0,Southampton,0.9,0.5,43.0,30414.0,Neto,3-4-3,Darren England,Match Report,,16.0,2.0,17.6,0.0,0.0,0.0,2022,Bournemouth,0,21,19,3,1
2023-05-20,15:00,Premier League,Matchweek 37,Sat,Home,L,0.0,1.0,Manchester Utd,1.0,1.4,41.0,10240.0,Neto,4-2-3-1,Chris Kavanagh,Match Report,,10.0,4.0,16.2,1.0,0.0,0.0,2022,Bournemouth,1,16,15,5,0
2022-08-14,14:00,Premier League,Matchweek 2,Sun,Home,W,1.0,0.0,West Ham,1.3,2.1,43.0,29281.0,Joe Worrall,3-4-1-2,Robert Jones,Match Report,,13.0,6.0,14.1,1.0,0.0,0.0,2022,Nottingham Forest,1,25,14,6,1
2022-09-16,20:00,Premier League,Matchweek 8,Fri,Home,L,2.0,3.0,Fulham,1.4,0.9,41.0,28654.0,Ryan Yates,3-4-1-2,Jarred Gillett,Match Report,,11.0,3.0,16.4,1.0,0.0,0.0,2022,Nottingham Forest,1,10,20,4,0
2023-01-01,16:30,Premier League,Matchweek 18,Sun,Home,D,1.0,1.0,Chelsea,1.4,0.9,29.0,29229.0,Joe Worrall,4-3-3,Peter Bankes,Match Report,,12.0,5.0,15.5,0.0,0.0,0.0,2022,Nottingham Forest,1,7,16,6,0
2023-01-14,15:00,Premier League,Matchweek 20,Sat,Home,W,2.0,0.0,Leicester City,2.4,1.0,39.0,29301.0,Joe Worrall,4-3-1-2,Paul Tierney,Match Report,,15.0,5.0,19.3,2.0,0.0,0.0,2022,Nottingham Forest,1,13,15,5,1
2023-01-21,15:00,Premier League,Matchweek 21,Sat,Away,D,1.0,1.0,Bournemouth,1.9,1.4,57.0,10248.0,Joe Worrall,4-3-1-2,Andy Madley,Match Report,,20.0,5.0,17.9,0.0,0.0,0.0,2022,Nottingham Forest,0,2,15,5,0
2023-04-01,15:00,Premier League,Matchweek 29,Sat,Home,D,1.0,1.0,Wolves,1.3,0.5,29.0,29368.0,Remo Freuler,4-3-2-1,Chris Kavanagh,Match Report,,17.0,7.0,16.7,0.0,0.0,0.0,2022,Nottingham Forest,1,26,15,5,0
2023-04-26,19:30,Premier League,Matchweek 33,Wed,Home,W,3.0,1.0,Brighton,2.4,2.3,26.0,28808.0,Serge Aurier,3-4-3,Jarred Gillett,Match Report,,10.0,3.0,18.4,0.0,1.0,2.0,2022,Nottingham Forest,1,4,19,2,1
2023-05-13,15:00,Premier League,Matchweek 36,Sat,Away,D,2.0,2.0,Chelsea,1.3,1.2,25.0,40030.0,Joe Worrall,3-4-3,Paul Tierney,Match Report,,11.0,2.0,11.2,0.0,0.0,0.0,2022,Nottingham Forest,0,7,15,5,0
2022-08-20,15:00,Premier League,Matchweek 3,Sat,Home,D,1.0,1.0,Nott'ham Forest,1.5,1.0,49.0,39271.0,Jordan Pickford,3-4-3,Andre Marriner,Match Report,,19.0,8.0,20.8,1.0,0.0,0.0,2022,Everton,1,19,15,5,0
2022-10-22,15:00,Premier League,Matchweek 13,Sat,Home,W,3.0,0.0,Crystal Palace,1.4,0.9,46.0,38939.0,Séamus Coleman,4-2-3-1,Simon Hooper,Match Report,,9.0,6.0,16.8,0.0,0.0,0.0,2022,Everton,1,8,15,5,1
2022-12-26,15:00,Premier League,Matchweek 17,Mon,Home,L,1.0,2.0,Wolves,1.7,0.8,58.0,39252.0,Jordan Pickford,4-3-3,Craig Pawson,Match Report,,12.0,5.0,19.2,2.0,0.0,0.0,2022,Everton,1,26,15,0,0
2023-02-04,12:30,Premier League,Matchweek 22,Sat,Home,W,1.0,0.0,Arsenal,1.7,0.9,30.0,39314.0,Séamus Coleman,4-5-1,David Coote,Match Report,,12.0,4.0,16.4,0.0,0.0,0.0,2022,Everton,1,0,12,5,1
2023-03-05,14:00,Premier League,Matchweek 26,Sun,Away,D,2.0,2.0,Nott'ham Forest,1.7,0.8,43.0,29353.0,Séamus Coleman,4-5-1,John Brooks,Match Report,,9.0,2.0,17.0,0.0,1.0,1.0,2022,Everton,0,19,14,6,0
2023-05-28,16:30,Premier League,Matchweek 38,Sun,Home,W,1.0,0.0,Bournemouth,1.0,0.5,38.0,,Jordan Pickford,3-4-3,Stuart Attwell,Match Report,,13.0,6.0,17.2,0.0,0.0,0.0,2022,Everton,1,2,16,6,1
2022-10-03,20:00,Premier League,Matchweek 9,Mon,Home,W,4.0,0.0,Nott'ham Forest,1.3,1.1,51.0,32202.0,Jonny Evans,4-1-4-1,Robert Jones,Match Report,,17.0,7.0,17.7,1.0,0.0,0.0,2022,Leicester City,1,19,20,0,1
2022-10-15,12:30,Premier League,Matchweek 11,Sat,Home,D,0.0,0.0,Crystal Palace,1.0,0.4,54.0,31298.0,Youri Tielemans,4-1-4-1,Andy Madley,Match Report,,14.0,5.0,19.4,1.0,0.0,0.0,2022,Leicester City,1,8,12,5,0
2022-10-29,12:30,Premier League,Matchweek 14,Sat,Home,L,0.0,1.0,Manchester City,0.7,1.0,36.0,32223.0,Youri Tielemans,3-4-3,Robert Jones,Match Report,,10.0,5.0,16.4,0.0,0.0,0.0,2022,Leicester City,1,15,12,5,0
2022-11-05,17:30,Premier League,Matchweek 15,Sat,Away,W,2.0,0.0,Everton,2.3,1.2,51.0,39206.0,Youri Tielemans,4-1-4-1,David Coote,Match Report,,22.0,8.0,17.5,0.0,0.0,0.0,2022,Leicester City,0,9,17,5,1
2023-02-11,15:00,Premier League,Matchweek 23,Sat,Home,W,4.0,1.0,Tottenham,1.7,1.3,49.0,32184.0,James Maddison,4-2-3-1,Michael Salisbury,Match Report,,15.0,6.0,15.6,0.0,0.0,0.0,2022,Leicester City,1,22,15,5,1
2023-03-18,15:00,Premier League,Matchweek 28,Sat,Away,D,1.0,1.0,Brentford,1.3,0.6,47.0,17006.0,James Maddison,4-2-3-1,Darren Bond,Match Report,,14.0,1.0,16.8,0.0,0.0,0.0,2022,Leicester City,0,3,15,5,0
2023-04-04,19:45,Premier League,Matchweek 7,Tue,Home,L,1.0,2.0,Aston Villa,0.5,1.0,36.0,32087.0,James Maddison,4-3-3,Graham Scott,Match Report,,9.0,4.0,16.7,1.0,0.0,0.0,2022,Leicester City,1,1,19,1,0
2023-04-15,17:30,Premier League,Matchweek 31,Sat,Away,L,1.0,3.0,Manchester City,2.3,1.6,30.0,53329.0,Youri Tielemans,3-4-3,Darren England,Match Report,,11.0,4.0,14.3,0.0,0.0,0.0,2022,Leicester City,0,15,17,5,0
2023-04-22,15:00,Premier League,Matchweek 32,Sat,Home,W,2.0,1.0,Wolves,2.4,0.9,42.0,32053.0,Youri Tielemans,4-2-3-1,Andy Madley,Match Report,,14.0,6.0,19.0,0.0,1.0,1.0,2022,Leicester City,1,26,15,5,1
2023-04-25,20:00,Premier League,Matchweek 33,Tue,Away,D,1.0,1.0,Leeds United,2.1,1.5,59.0,36666.0,Youri Tielemans,4-2-3-1,Paul Tierney,Match Report,,15.0,3.0,13.4,1.0,0.0,0.0,2022,Leicester City,0,12,20,1,0
2023-05-08,15:00,Premier League,Matchweek 35,Mon,Away,L,3.0,5.0,Fulham,2.8,1.6,43.0,24442.0,Youri Tielemans,4-2-3-1,Robert Jones,Match Report,,16.0,7.0,20.9,2.0,1.0,2.0,2022,Leicester City,0,10,15,0,0
2022-08-13,15:00,Premier League,Matchweek 2,Sat,Away,D,2.0,2.0,Southampton,1.8,1.2,57.0,30815.0,Patrick Bamford,4-2-3-1,Tony Harrington,Match Report,,13.0,5.0,12.0,0.0,0.0,0.0,2022,Leeds United,0,21,15,5,0
2022-08-21,14:00,Premier League,Matchweek 3,Sun,Home,W,3.0,0.0,Chelsea,2.1,0.9,39.0,36372.0,Rodrigo,4-2-3-1,Stuart Attwell,Match Report,,12.0,6.0,16.3,0.0,0.0,0.0,2022,Leeds United,1,7,14,6,1
2022-10-16,14:00,Premier League,Matchweek 11,Sun,Home,L,0.0,1.0,Arsenal,1.8,0.5,47.0,36700.0,Liam Cooper,4-2-3-1,Chris Kavanagh,Match Report,,15.0,4.0,18.1,0.0,0.0,1.0,2022,Leeds United,1,0,14,6,0
2022-10-20,20:15,Premier League,Matchweek 12,Thu,Away,L,0.0,2.0,Leicester City,1.3,0.8,54.0,30814.0,Patrick Bamford,4-2-3-1,Peter Bankes,Match Report,,14.0,2.0,18.3,0.0,0.0,0.0,2022,Leeds United,0,13,20,3,0
2022-10-29,19:45,Premier League,Matchweek 14,Sat,Away,W,2.0,1.0,Liverpool,1.8,1.7,32.0,53274.0,Liam Cooper,4-2-3-1,Michael Oliver,Match Report,,14.0,6.0,19.4,3.0,0.0,0.0,2022,Leeds United,0,14,19,5,1
2022-11-05,15:00,Premier League,Matchweek 15,Sat,Home,W,4.0,3.0,Bournemouth,2.2,1.5,60.0,36304.0,Liam Cooper,4-2-3-1,Tony Harrington,Match Report,,17.0,3.0,15.9,0.0,1.0,1.0,2022,Leeds United,1,2,15,5,1
2023-01-13,20:00,Premier League,Matchweek 20,Fri,Away,L,1.0,2.0,Aston Villa,2.4,1.2,48.0,42008.0,Liam Cooper,4-2-3-1,Michael Oliver,Match Report,,16.0,3.0,12.7,0.0,0.0,0.0,2022,Leeds United,0,1,20,4,0
2023-01-22,14:00,Premier League,Matchweek 21,Sun,Home,D,0.0,0.0,Brentford,0.5,0.4,58.0,36260.0,Luke Ayling,4-2-3-1,Peter Bankes,Match Report,,9.0,5.0,23.2,1.0,0.0,0.0,2022,Leeds United,1,3,14,6,0
2023-02-05,14:00,Premier League,Matchweek 22,Sun,Away,L,0.0,1.0,Nott'ham Forest,0.9,0.4,70.0,29363.0,Liam Cooper,4-2-3-1,Robert Jones,Match Report,,10.0,4.0,17.1,0.0,0.0,0.0,2022,Leeds United,0,19,14,6,0
2023-02-12,14:00,Premier League,Matchweek 23,Sun,Home,L,0.0,2.0,Manchester Utd,1.8,1.1,34.0,36919.0,Luke Ayling,4-2-3-1,Paul Tierney,Match Report,,16.0,6.0,11.6,0.0,0.0,0.0,2022,Leeds United,1,16,14,6,0
2022-08-20,15:00,Premier League,Matchweek 3,Sat,Away,W,2.0,1.0,Leicester City,0.9,0.3,38.0,30850.0,James Ward-Prowse,4-2-3-1,Michael Salisbury,Match Report,,9.0,3.0,15.0,0.0,0.0,0.0,2022,Southampton,0,13,15,5,1
2022-08-30,19:45,Premier League,Matchweek 5,Tue,Home,W,2.0,1.0,Chelsea,1.1,1.1,33.0,31542.0,James Ward-Prowse,4-2-3-1,Michael Oliver,Match Report,,9.0,5.0,17.8,0.0,0.0,0.0,2022,Southampton,1,7,19,1,1
2022-09-03,15:00,Premier League,Matchweek 6,Sat,Away,L,0.0,1.0,Wolves,1.2,0.8,49.0,30546.0,James Ward-Prowse,4-2-3-1,John Brooks,Match Report,,12.0,1.0,16.4,1.0,0.0,0.0,2022,Southampton,0,26,15,5,0
2022-10-16,14:00,Premier League,Matchweek 11,Sun,Home,D,1.0,1.0,West Ham,0.5,1.7,39.0,29159.0,James Ward-Prowse,4-3-3,Peter Bankes,Match Report,,10.0,8.0,19.6,0.0,0.0,0.0,2022,Southampton,1,25,14,6,0
2022-11-06,14:00,Premier League,Matchweek 15,Sun,Home,L,1.0,4.0,Newcastle Utd,1.7,0.9,55.0,30402.0,James Ward-Prowse,4-2-3-1,Stuart Attwell,Match Report,,16.0,5.0,17.6,1.0,0.0,0.0,2022,Southampton,1,17,14,6,0
2022-12-26,15:00,Premier League,Matchweek 17,Mon,Home,L,1.0,3.0,Brighton,1.9,0.6,34.0,31010.0,James Ward-Prowse,4-2-3-1,Robert Jones,Match Report,,13.0,3.0,16.1,1.0,0.0,1.0,2022,Southampton,1,4,15,0,0
2023-05-08,20:00,Premier League,Matchweek 35,Mon,Away,L,3.0,4.0,Nott'ham Forest,3.1,1.8,64.0,29154.0,James Ward-Prowse,4-2-3-1,Michael Oliver,Match Report,,18.0,4.0,14.0,0.0,1.0,1.0,2022,Southampton,0,19,20,0,0
2022-02-09,19:45,Premier League,Matchweek 24,Wed,Home,W,2.0,0.0,Brentford,1.9,0.4,74.0,51658.0,Rúben Dias,4-3-3,Darren England,Match Report,,14.0,6.0,19.8,0.0,1.0,1.0,2021,Manchester City,1,3,19,2,1
2022-02-12,17:30,Premier League,Matchweek 25,Sat,Away,W,4.0,0.0,Norwich City,4.6,0.4,71.0,27010.0,Fernandinho,4-3-3,Andre Marriner,Match Report,,21.0,8.0,11.8,0.0,0.0,1.0,2021,Manchester City,0,18,17,5,1
2022-02-26,17:30,Premier League,Matchweek 27,Sat,Away,W,1.0,0.0,Everton,1.8,0.5,67.0,39105.0,İlkay Gündoğan,4-3-3,Paul Tierney,Match Report,,13.0,8.0,16.3,0.0,0.0,0.0,2021,Manchester City,0,9,17,5,1
2022-03-06,16:30,Premier League,Matchweek 28,Sun,Home,W,4.0,1.0,Manchester Utd,2.7,0.5,69.0,53165.0,Kevin De Bruyne,4-3-3,Michael Oliver,Match Report,,24.0,10.0,15.2,1.0,0.0,0.0,2021,Manchester City,1,16,16,6,1
2022-04-02,15:00,Premier League,Matchweek 31,Sat,Away,W,2.0,0.0,Burnley,1.8,0.1,76.0,21249.0,İlkay Gündoğan,4-3-3,Craig Pawson,Match Report,,18.0,6.0,16.5,0.0,0.0,0.0,2021,Manchester City,0,5,15,5,1
2022-04-20,20:00,Premier League,Matchweek 30,Wed,Home,W,3.0,0.0,Brighton,1.3,0.2,65.0,52226.0,İlkay Gündoğan,4-3-3,Mike Dean,Match Report,,17.0,5.0,20.0,0.0,0.0,0.0,2021,Manchester City,1,4,20,2,1
2022-04-23,15:00,Premier League,Matchweek 34,Sat,Home,W,5.0,1.0,Watford,3.6,0.5,73.0,53013.0,Fernandinho,4-2-3-1,Kevin Friend,Match Report,,20.0,7.0,14.6,0.0,1.0,1.0,2021,Manchester City,1,23,15,5,1
2022-04-30,17:30,Premier League,Matchweek 35,Sat,Away,W,4.0,0.0,Leeds United,2.4,1.3,58.0,35771.0,İlkay Gündoğan,4-2-3-1,Paul Tierney,Match Report,,19.0,6.0,16.2,0.0,0.0,0.0,2021,Manchester City,0,12,17,5,1
2022-05-08,16:30,Premier League,Matchweek 36,Sun,Home,W,5.0,0.0,Newcastle Utd,3.1,0.8,71.0,53336.0,İlkay Gündoğan,4-2-3-1,Stuart Attwell,Match Report,,21.0,9.0,16.0,1.0,0.0,0.0,2021,Manchester City,1,17,16,6,1
2022-05-11,20:15,Premier League,Matchweek 33,Wed,Away,W,5.0,1.0,Wolves,2.3,0.5,66.0,32000.0,Fernandinho,4-2-3-1,Martin Atkinson,Match Report,,15.0,5.0,14.7,0.0,0.0,0.0,2021,Manchester City,0,26,20,2,1
2022-05-15,14:00,Premier League,Matchweek 37,Sun,Away,D,2.0,2.0,West Ham,2.4,1.1,78.0,59972.0,Fernandinho,4-3-3,Anthony Taylor,Match Report,,30.0,7.0,18.6,2.0,0.0,1.0,2021,Manchester City,0,25,14,6,0
2022-05-22,16:00,Premier League,Matchweek 38,Sun,Home,W,3.0,2.0,Aston Villa,3.4,0.2,71.0,53395.0,Fernandinho,4-3-3,Michael Oliver,Match Report,,24.0,5.0,14.2,1.0,0.0,0.0,2021,Manchester City,1,1,16,6,1
2022-01-16,14:00,Premier League,Matchweek 22,Sun,Home,W,3.0,0.0,Brentford,2.7,0.7,68.0,52824.0,Jordan Henderson,4-3-3,Jonathan Moss,Match Report,,27.0,13.0,16.7,0.0,0.0,0.0,2021,Liverpool,1,3,14,6,1
2022-02-10,19:45,Premier League,Matchweek 24,Thu,Home,W,2.0,0.0,Leicester City,1.8,0.5,64.0,53050.0,Virgil van Dijk,4-3-3,Chris Kavanagh,Match Report,,22.0,11.0,15.7,0.0,0.0,0.0,2021,Liverpool,1,13,19,3,1
2022-02-19,15:00,Premier League,Matchweek 26,Sat,Home,W,3.0,1.0,Norwich City,3.6,0.6,69.0,53135.0,Jordan Henderson,4-3-3,Mike Dean,Match Report,,29.0,7.0,17.8,0.0,0.0,0.0,2021,Liverpool,1,18,15,5,1
2022-02-23,19:45,Premier League,Matchweek 19,Wed,Home,W,6.0,0.0,Leeds United,5.9,0.2,63.0,53018.0,Virgil van Dijk,4-3-3,Michael Oliver,Match Report,,21.0,12.0,17.7,0.0,2.0,2.0,2021,Liverpool,1,12,19,2,1
2022-03-12,12:30,Premier League,Matchweek 29,Sat,Away,W,2.0,0.0,Brighton,2.2,0.5,48.0,31474.0,Jordan Henderson,4-3-3,Mike Dean,Match Report,,17.0,8.0,15.2,0.0,1.0,1.0,2021,Liverpool,0,4,12,5,1
2022-04-19,20:00,Premier League,Matchweek 30,Tue,Home,W,4.0,0.0,Manchester Utd,2.0,0.1,71.0,52686.0,Jordan Henderson,4-3-3,Martin Atkinson,Match Report,,14.0,5.0,15.5,0.0,0.0,0.0,2021,Liverpool,1,16,20,1,1
2022-04-24,16:30,Premier League,Matchweek 34,Sun,Home,W,2.0,0.0,Everton,1.7,0.4,82.0,53213.0,Virgil van Dijk,4-3-3,Stuart Attwell,Match Report,,18.0,4.0,15.3,0.0,0.0,0.0,2021,Liverpool,1,9,16,6,1
2022-04-30,12:30,Premier League,Matchweek 35,Sat,Away,W,1.0,0.0,Newcastle Utd,2.3,0.2,64.0,52281.0,Jordan Henderson,4-3-3,Andre Marriner,Match Report,,24.0,10.0,17.7,2.0,0.0,0.0,2021,Liverpool,0,17,12,5,1
2022-05-17,19:45,Premier League,Matchweek 37,Tue,Away,W,2.0,1.0,Southampton,1.3,0.1,70.0,31588.0,James Milner,4-3-3,Martin Atkinson,Match Report,,24.0,5.0,18.6,0.0,0.0,0.0,2021,Liverpool,0,21,19,1,1
2022-05-22,16:00,Premier League,Matchweek 38,Sun,Home,W,3.0,1.0,Wolves,2.7,1.3,63.0,53097.0,Jordan Henderson,4-3-3,Anthony Taylor,Match Report,,29.0,7.0,15.6,0.0,0.0,0.0,2021,Liverpool,1,26,16,6,1
2022-01-02,16:30,Premier League,Matchweek 21,Sun,Home,D,2.0,2.0,Liverpool,1.2,1.3,54.0,40072.0,César Azpilicueta,3-4-3,Anthony Taylor,Match Report,,15.0,6.0,18.0,3.0,0.0,0.0,2021,Chelsea,1,14,16,6,0
2022-01-23,16:30,Premier League,Matchweek 23,Sun,Home,W,2.0,0.0,Tottenham,1.2,0.5,64.0,40020.0,César Azpilicueta,4-3-3,Paul Tierney,Match Report,,15.0,7.0,15.9,0.0,0.0,0.0,2021,Chelsea,1,22,16,6,1
2022-03-13,14:00,Premier League,Matchweek 29,Sun,Home,W,1.0,0.0,Newcastle Utd,1.1,0.3,71.0,40026.0,Jorginho,4-3-3,David Coote,Match Report,,8.0,3.0,16.4,1.0,0.0,0.0,2021,Chelsea,1,17,14,6,1
2022-04-09,15:00,Premier League,Matchweek 32,Sat,Away,W,6.0,0.0,Southampton,4.2,0.5,70.0,31359.0,N'Golo Kanté,3-4-1-2,Kevin Friend,Match Report,,24.0,14.0,15.3,0.0,0.0,0.0,2021,Chelsea,0,21,15,5,1
2022-04-24,14:00,Premier League,Matchweek 34,Sun,Home,W,1.0,0.0,West Ham,3.0,0.5,66.0,32231.0,César Azpilicueta,3-4-1-2,Michael Oliver,Match Report,,25.0,4.0,19.0,0.0,0.0,1.0,2021,Chelsea,1,25,14,6,1
2022-04-28,19:45,Premier League,Matchweek 37,Thu,Away,D,1.0,1.0,Manchester Utd,1.9,0.5,64.0,73564.0,César Azpilicueta,3-4-1-2,Mike Dean,Match Report,,21.0,6.0,17.4,0.0,0.0,0.0,2021,Chelsea,0,16,19,3,0
2022-05-11,19:30,Premier League,Matchweek 33,Wed,Away,W,3.0,0.0,Leeds United,1.3,0.4,67.0,36549.0,Jorginho,3-4-3,Anthony Taylor,Match Report,,17.0,3.0,16.9,0.0,0.0,0.0,2021,Chelsea,0,12,19,2,1
2022-05-19,20:00,Premier League,Matchweek 27,Thu,Home,D,1.0,1.0,Leicester City,1.6,0.1,67.0,31478.0,Jorginho,3-4-3,Stuart Attwell,Match Report,,20.0,7.0,20.0,2.0,0.0,0.0,2021,Chelsea,1,13,20,3,0
2022-05-22,16:00,Premier League,Matchweek 38,Sun,Home,W,2.0,1.0,Watford,2.2,0.6,71.0,32089.0,César Azpilicueta,3-4-3,Mike Dean,Match Report,,19.0,8.0,16.9,0.0,0.0,0.0,2021,Chelsea,1,23,16,6,1
2022-01-19,19:30,Premier League,Matchweek 17,Wed,Away,W,3.0,2.0,Leicester City,3.1,1.2,51.0,31986.0,Hugo Lloris,3-5-2,Jonathan Moss,Match Report,,27.0,8.0,16.4,1.0,0.0,0.0,2021,Tottenham Hotspur,0,13,19,2,1
2022-02-13,14:00,Premier League,Matchweek 25,Sun,Home,L,0.0,2.0,Wolves,1.2,1.3,58.0,56452.0,Hugo Lloris,3-4-3,Kevin Friend,Match Report,,17.0,7.0,15.9,2.0,0.0,0.0,2021,Tottenham Hotspur,1,26,14,6,0
2022-02-26,12:30,Premier League,Matchweek 27,Sat,Away,W,4.0,0.0,Leeds United,1.9,1.5,50.0,36599.0,Hugo Lloris,3-4-3,Craig Pawson,Match Report,,15.0,10.0,14.2,0.0,0.0,0.0,2021,Tottenham Hotspur,0,12,12,5,1
2022-03-07,20:00,Premier League,Matchweek 28,Mon,Home,W,5.0,0.0,Everton,2.5,0.2,55.0,59647.0,Hugo Lloris,3-4-3,Stuart Attwell,Match Report,,14.0,7.0,13.5,0.0,0.0,0.0,2021,Tottenham Hotspur,1,9,20,0,1
2022-03-16,19:30,Premier League,Matchweek 16,Wed,Away,W,2.0,0.0,Brighton,2.2,0.7,52.0,31144.0,Hugo Lloris,3-4-3,Robert Jones,Match Report,,17.0,7.0,19.0,1.0,0.0,0.0,2021,Tottenham Hotspur,0,4,19,2,1
2022-03-20,16:30,Premier League,Matchweek 30,Sun,Home,W,3.0,1.0,West Ham,3.0,0.6,53.0,58685.0,Hugo Lloris,3-4-3,Anthony Taylor,Match Report,,17.0,4.0,16.6,0.0,0.0,0.0,2021,Tottenham Hotspur,1,25,16,6,1
2022-04-03,16:30,Premier League,Matchweek 31,Sun,Home,W,5.0,1.0,Newcastle Utd,3.1,0.5,60.0,57553.0,Hugo Lloris,3-4-3,Martin Atkinson,Match Report,,19.0,6.0,16.0,1.0,0.0,0.0,2021,Tottenham Hotspur,1,17,16,6,1
2022-05-01,14:00,Premier League,Matchweek 35,Sun,Home,W,3.0,1.0,Leicester City,1.2,0.5,40.0,59482.0,Hugo Lloris,3-4-3,Jonathan Moss,Match Report,,13.0,7.0,14.2,0.0,0.0,0.0,2021,Tottenham Hotspur,1,13,14,6,1
2022-05-12,19:45,Premier League,Matchweek 22,Thu,Home,W,3.0,0.0,Arsenal,2.7,0.5,57.0,62027.0,Hugo Lloris,3-4-3,Paul Tierney,Match Report,,15.0,5.0,14.3,0.0,1.0,1.0,2021,Tottenham Hotspur,1,0,19,3,1
2022-05-15,12:00,Premier League,Matchweek 37,Sun,Home,W,1.0,0.0,Burnley,2.2,0.7,68.0,61729.0,Hugo Lloris,3-4-3,Kevin Friend,Match Report,,20.0,6.0,20.3,0.0,1.0,1.0,2021,Tottenham Hotspur,1,5,12,6,1
2022-05-22,16:00,Premier League,Matchweek 38,Sun,Away,W,5.0,0.0,Norwich City,3.4,0.5,59.0,27022.0,Hugo Lloris,3-4-3,Chris Kavanagh,Match Report,,19.0,12.0,14.9,0.0,0.0,0.0,2021,Tottenham Hotspur,0,18,16,6,1
2022-01-23,14:00,Premier League,Matchweek 23,Sun,Home,D,0.0,0.0,Burnley,1.2,0.4,75.0,59255.0,Alexandre Lacazette,4-1-4-1,David Coote,Match Report,,20.0,5.0,18.8,2.0,0.0,0.0,2021,Arsenal,1,5,14,6,0
2022-02-10,19:45,Premier League,Matchweek 24,Thu,Away,W,1.0,0.0,Wolves,1.8,0.8,42.0,31523.0,Alexandre Lacazette,4-2-3-1,Michael Oliver,Match Report,,12.0,2.0,17.2,0.0,0.0,0.0,2021,Arsenal,0,26,19,3,1
2022-02-19,15:00,Premier League,Matchweek 26,Sat,Home,W,2.0,1.0,Brentford,1.7,0.6,66.0,59249.0,Alexandre Lacazette,4-2-3-1,Jonathan Moss,Match Report,,24.0,7.0,16.0,0.0,0.0,0.0,2021,Arsenal,1,3,15,5,1
2022-02-24,19:45,Premier League,Matchweek 20,Thu,Home,W,2.0,1.0,Wolves,3.1,1.0,56.0,59888.0,Alexandre Lacazette,4-2-3-1,Martin Atkinson,Match Report,,26.0,5.0,15.6,1.0,0.0,0.0,2021,Arsenal,1,26,19,3,1
2022-03-13,16:30,Premier League,Matchweek 29,Sun,Home,W,2.0,0.0,Leicester City,2.4,0.4,46.0,60111.0,Alexandre Lacazette,4-2-3-1,Anthony Taylor,Match Report,,20.0,6.0,16.2,0.0,1.0,1.0,2021,Arsenal,1,13,16,6,1
2022-03-19,12:30,Premier League,Matchweek 30,Sat,Away,W,1.0,0.0,Aston Villa,1.3,0.5,53.0,41956.0,Alexandre Lacazette,4-2-3-1,Andy Madley,Match Report,,10.0,3.0,19.5,0.0,0.0,0.0,2021,Arsenal,0,1,12,5,1
2022-04-20,19:45,Premier League,Matchweek 25,Wed,Away,W,4.0,2.0,Chelsea,2.0,0.7,33.0,32249.0,Martin Ødegaard,4-2-3-1,Jonathan Moss,Match Report,,13.0,3.0,19.5,0.0,1.0,1.0,2021,Arsenal,0,7,19,2,1
2022-04-23,12:30,Premier League,Matchweek 34,Sat,Home,W,3.0,1.0,Manchester Utd,2.3,1.8,54.0,60223.0,Martin Ødegaard,4-2-3-1,Craig Pawson,Match Report,,13.0,6.0,19.3,1.0,1.0,1.0,2021,Arsenal,1,16,12,5,1
2022-05-01,16:30,Premier League,Matchweek 35,Sun,Away,W,2.0,1.0,West Ham,0.9,0.5,43.0,59959.0,Martin Ødegaard,4-2-3-1,Mike Dean,Match Report,,13.0,7.0,19.3,0.0,0.0,0.0,2021,Arsenal,0,25,16,6,1
2022-05-08,14:00,Premier League,Matchweek 36,Sun,Home,W,2.0,1.0,Leeds United,2.0,0.3,64.0,60108.0,Martin Ødegaard,4-2-3-1,Chris Kavanagh,Match Report,,19.0,9.0,14.3,2.0,0.0,0.0,2021,Arsenal,1,12,14,6,1
2022-05-22,16:00,Premier League,Matchweek 38,Sun,Home,W,5.0,1.0,Everton,4.2,1.1,73.0,60201.0,Martin Ødegaard,4-2-3-1,Andre Marriner,Match Report,,25.0,8.0,17.0,0.0,1.0,1.0,2021,Arsenal,1,9,16,6,1
2022-01-03,17:30,Premier League,Matchweek 21,Mon,Home,L,0.0,1.0,Wolves,0.8,0.7,51.0,73045.0,Cristiano Ronaldo,4-2-2-2,Mike Dean,Match Report,,9.0,2.0,20.8,1.0,0.0,0.0,2021,Manchester United,1,26,17,0,0
2022-01-22,15:00,Premier League,Matchweek 23,Sat,Home,W,1.0,0.0,West Ham,1.9,0.3,57.0,73130.0,Harry Maguire,4-2-3-1,Jonathan Moss,Match Report,,18.0,3.0,18.3,1.0,0.0,0.0,2021,Manchester United,1,25,15,5,1
2022-02-12,12:30,Premier League,Matchweek 25,Sat,Home,D,1.0,1.0,Southampton,2.1,0.8,53.0,73084.0,Harry Maguire,4-2-3-1,Stuart Attwell,Match Report,,12.0,7.0,11.7,0.0,0.0,0.0,2021,Manchester United,1,21,12,5,0
2022-02-15,20:15,Premier League,Matchweek 18,Tue,Home,W,2.0,0.0,Brighton,1.7,0.7,50.0,73012.0,Harry Maguire,4-2-3-1,Peter Bankes,Match Report,,19.0,7.0,19.7,2.0,0.0,0.0,2021,Manchester United,1,4,20,1,1
2022-02-20,14:00,Premier League,Matchweek 26,Sun,Away,W,4.0,2.0,Leeds United,2.2,1.8,46.0,36715.0,Harry Maguire,4-2-3-1,Paul Tierney,Match Report,,15.0,9.0,14.3,0.0,0.0,0.0,2021,Manchester United,0,12,14,6,1
2022-02-26,15:00,Premier League,Matchweek 27,Sat,Home,D,0.0,0.0,Watford,2.8,0.6,67.0,73152.0,Bruno Fernandes,4-2-3-1,Kevin Friend,Match Report,,22.0,3.0,16.9,1.0,0.0,0.0,2021,Manchester United,1,23,15,5,0
2022-04-02,17:30,Premier League,Matchweek 31,Sat,Home,D,1.0,1.0,Leicester City,0.9,0.8,54.0,73444.0,Harry Maguire,4-2-3-1,Andre Marriner,Match Report,,11.0,5.0,14.7,0.0,0.0,0.0,2021,Manchester United,1,13,17,5,0
2022-04-16,15:00,Premier League,Matchweek 33,Sat,Home,W,3.0,2.0,Norwich City,1.9,1.5,61.0,73381.0,Harry Maguire,4-3-3,Andy Madley,Match Report,,20.0,9.0,17.3,1.0,0.0,0.0,2021,Manchester United,1,18,15,5,1
2022-05-02,20:00,Premier League,Matchweek 35,Mon,Home,W,3.0,0.0,Brentford,2.0,0.6,63.0,73482.0,Bruno Fernandes,4-2-3-1,Chris Kavanagh,Match Report,,8.0,4.0,20.3,1.0,1.0,1.0,2021,Manchester United,1,3,20,0,1
2022-01-12,19:45,Premier League,Matchweek 18,Wed,Home,W,2.0,0.0,Norwich City,2.5,0.3,62.0,59775.0,Declan Rice,4-2-3-1,Simon Hooper,Match Report,,13.0,5.0,15.1,0.0,0.0,0.0,2021,West Ham United,1,18,19,2,1
2022-01-16,14:00,Premier League,Matchweek 22,Sun,Home,L,2.0,3.0,Leeds United,2.4,2.2,48.0,59951.0,Declan Rice,4-2-3-1,Mike Dean,Match Report,,15.0,5.0,12.6,0.0,0.0,0.0,2021,West Ham United,1,12,14,6,0
2022-02-27,14:00,Premier League,Matchweek 27,Sun,Home,W,1.0,0.0,Wolves,1.8,0.7,39.0,59946.0,Declan Rice,3-4-3,Anthony Taylor,Match Report,,13.0,4.0,16.7,1.0,0.0,0.0,2021,West Ham United,1,26,14,6,1
2022-03-13,14:00,Premier League,Matchweek 29,Sun,Home,W,2.0,1.0,Aston Villa,1.2,1.1,47.0,59957.0,Declan Rice,4-2-3-1,Jarred Gillett,Match Report,,11.0,4.0,16.3,0.0,0.0,0.0,2021,West Ham United,1,1,14,6,1
2022-04-17,14:15,Premier League,Matchweek 33,Sun,Home,D,1.0,1.0,Burnley,2.2,1.8,61.0,59958.0,Declan Rice,4-2-3-1,Paul Tierney,Match Report,,21.0,6.0,14.7,0.0,0.0,0.0,2021,West Ham United,1,5,14,6,0
2022-05-08,14:00,Premier League,Matchweek 36,Sun,Away,W,4.0,0.0,Norwich City,3.0,0.8,63.0,26428.0,Declan Rice,4-2-3-1,Robert Jones,Match Report,,12.0,4.0,14.4,0.0,1.0,1.0,2021,West Ham United,0,18,14,6,1
2022-01-23,14:00,Premier League,Matchweek 23,Sun,Home,D,1.0,1.0,Brighton,1.4,1.1,44.0,31231.0,Kasper Schmeichel,4-2-3-1,Martin Atkinson,Match Report,,15.0,5.0,19.8,1.0,0.0,0.0,2021,Leicester City,1,4,14,6,0
2022-02-20,16:30,Premier League,Matchweek 26,Sun,Away,L,1.0,2.0,Wolves,1.7,0.5,63.0,31587.0,Kasper Schmeichel,4-3-3,Craig Pawson,Match Report,,17.0,7.0,19.6,1.0,0.0,0.0,2021,Leicester City,0,26,16,6,0
2022-03-01,19:45,Premier League,Matchweek 22,Tue,Away,W,2.0,0.0,Burnley,1.5,0.9,55.0,17825.0,Kasper Schmeichel,4-3-3,Chris Kavanagh,Match Report,,22.0,6.0,17.7,1.0,0.0,0.0,2021,Leicester City,0,5,19,1,1
2022-05-08,14:00,Premier League,Matchweek 36,Sun,Home,L,1.0,2.0,Everton,1.5,1.1,66.0,32001.0,Kasper Schmeichel,3-1-4-2,Craig Pawson,Match Report,,16.0,8.0,19.8,0.0,0.0,0.0,2021,Leicester City,1,9,14,6,0
2022-05-11,19:45,Premier League,Matchweek 21,Wed,Home,W,3.0,0.0,Norwich City,2.0,1.1,65.0,38092.0,Kasper Schmeichel,4-2-3-1,Simon Hooper,Match Report,,20.0,8.0,18.5,0.0,0.0,0.0,2021,Leicester City,1,18,19,2,1
2022-05-15,14:00,Premier League,Matchweek 37,Sun,Away,W,5.0,1.0,Watford,2.5,1.4,59.0,20257.0,Jonny Evans,4-1-4-1,Jarred Gillett,Match Report,,13.0,7.0,16.4,0.0,0.0,0.0,2021,Leicester City,0,23,14,6,1
2022-05-22,16:00,Premier League,Matchweek 38,Sun,Home,W,4.0,1.0,Southampton,3.4,1.1,51.0,32003.0,Kasper Schmeichel,4-2-3-1,Jonathan Moss,Match Report,,12.0,6.0,12.8,0.0,0.0,0.0,2021,Leicester City,1,21,16,6,1
2022-01-14,20:00,Premier League,Matchweek 22,Fri,Home,D,1.0,1.0,Crystal Palace,2.0,0.2,63.0,30675.0,Adam Lallana,4-1-2-1-2◆,Robert Jones,Match Report,,18.0,3.0,18.2,0.0,0.0,1.0,2021,Brighton and Hove Albion,1,8,20,4,0
2022-01-18,20:00,Premier League,Matchweek 24,Tue,Home,D,1.0,1.0,Chelsea,0.7,0.7,44.0,30880.0,Adam Webster,4-1-4-1,Kevin Friend,Match Report,,10.0,2.0,16.2,0.0,0.0,0.0,2021,Brighton and Hove Albion,1,7,20,1,0
2022-02-12,15:00,Premier League,Matchweek 25,Sat,Away,W,2.0,0.0,Watford,1.6,0.5,64.0,20795.0,Lewis Dunk,3-1-4-2,Jonathan Moss,Match Report,,11.0,5.0,12.3,0.0,0.0,0.0,2021,Brighton and Hove Albion,0,23,15,5,1
2022-04-02,15:00,Premier League,Matchweek 31,Sat,Home,D,0.0,0.0,Norwich City,2.8,0.4,63.0,31245.0,Lewis Dunk,3-4-1-2,Simon Hooper,Match Report,,30.0,4.0,18.7,1.0,0.0,1.0,2021,Brighton and Hove Albion,1,18,15,5,0
2022-04-24,14:00,Premier League,Matchweek 34,Sun,Home,D,2.0,2.0,Southampton,1.7,0.9,48.0,31335.0,Lewis Dunk,4-3-1-2,Robert Jones,Match Report,,8.0,5.0,11.4,0.0,0.0,0.0,2021,Brighton and Hove Albion,1,21,14,6,0
2022-04-30,15:00,Premier League,Matchweek 35,Sat,Away,W,3.0,0.0,Wolves,2.6,0.7,51.0,31243.0,Lewis Dunk,3-4-3,Simon Hooper,Match Report,,15.0,8.0,21.4,0.0,1.0,2.0,2021,Brighton and Hove Albion,0,26,15,5,1
2022-05-07,17:30,Premier League,Matchweek 36,Sat,Home,W,4.0,0.0,Manchester Utd,2.3,0.9,42.0,31637.0,Lewis Dunk,3-4-3,Andy Madley,Match Report,,17.0,5.0,15.9,0.0,0.0,0.0,2021,Brighton and Hove Albion,1,16,17,5,1
2022-05-15,14:00,Premier League,Matchweek 37,Sun,Away,D,1.0,1.0,Leeds United,2.2,1.6,50.0,36638.0,Lewis Dunk,3-4-3,Mike Dean,Match Report,,15.0,6.0,14.3,0.0,0.0,0.0,2021,Brighton and Hove Albion,0,12,14,6,0
2022-05-22,16:00,Premier League,Matchweek 38,Sun,Home,W,3.0,1.0,West Ham,1.6,0.2,50.0,31604.0,Lewis Dunk,4-3-2-1,Kevin Friend,Match Report,,18.0,7.0,16.4,0.0,0.0,0.0,2021,Brighton and Hove Albion,1,25,16,6,1
2022-01-15,15:00,Premier League,Matchweek 22,Sat,Home,W,3.0,1.0,Southampton,2.5,0.8,43.0,30057.0,Conor Coady,3-4-3,Michael Salisbury,Match Report,,8.0,4.0,15.4,0.0,1.0,1.0,2021,Wolverhampton Wanderers,1,21,15,5,1
2022-02-13,14:00,Premier League,Matchweek 25,Sun,Away,W,2.0,0.0,Tottenham,1.3,1.2,42.0,56452.0,Conor Coady,3-5-2,Kevin Friend,Match Report,,11.0,7.0,15.9,0.0,0.0,0.0,2021,Wolverhampton Wanderers,0,22,14,6,1
2022-01-22,15:00,Premier League,Matchweek 23,Sat,Away,W,1.0,0.0,Leeds United,0.9,0.7,38.0,36405.0,Jamaal Lascelles,4-3-3,Chris Kavanagh,Match Report,,15.0,3.0,19.7,1.0,0.0,0.0,2021,Newcastle United,0,12,15,5,1
2022-02-08,19:45,Premier League,Matchweek 24,Tue,Home,W,3.0,1.0,Everton,1.9,0.7,40.0,52186.0,Jamaal Lascelles,4-3-3,Anthony Taylor,Match Report,,20.0,9.0,14.0,1.0,0.0,0.0,2021,Newcastle United,1,9,19,1,1
2022-02-19,12:30,Premier League,Matchweek 26,Sat,Away,D,1.0,1.0,West Ham,0.8,0.6,53.0,59949.0,Jonjo Shelvey,4-3-3,Chris Kavanagh,Match Report,,14.0,3.0,16.0,0.0,0.0,0.0,2021,Newcastle United,0,25,12,5,0
2022-02-26,15:00,Premier League,Matchweek 27,Sat,Away,W,2.0,0.0,Brentford,2.7,0.4,63.0,17039.0,Jonjo Shelvey,4-3-3,Mike Dean,Match Report,,26.0,11.0,15.7,2.0,0.0,0.0,2021,Newcastle United,0,3,15,5,1
2022-03-05,15:00,Premier League,Matchweek 28,Sat,Home,W,2.0,1.0,Brighton,1.7,1.5,32.0,52214.0,Jonjo Shelvey,4-3-3,Martin Atkinson,Match Report,,10.0,4.0,12.2,0.0,0.0,0.0,2021,Newcastle United,1,4,15,5,1
2022-04-08,20:00,Premier League,Matchweek 32,Fri,Home,W,1.0,0.0,Wolves,1.5,0.4,42.0,52164.0,Jonjo Shelvey,4-3-3,Peter Bankes,Match Report,,11.0,3.0,19.7,1.0,1.0,1.0,2021,Newcastle United,1,26,20,4,1
2022-04-17,14:15,Premier League,Matchweek 33,Sun,Home,W,2.0,1.0,Leicester City,1.8,0.6,32.0,52104.0,Jonjo Shelvey,4-3-3,Jarred Gillett,Match Report,,16.0,7.0,15.4,1.0,0.0,0.0,2021,Newcastle United,1,13,14,6,1
2022-04-20,19:45,Premier League,Matchweek 30,Wed,Home,W,1.0,0.0,Crystal Palace,0.9,0.5,37.0,51938.0,Jonjo Shelvey,4-3-3,Tony Harrington,Match Report,,13.0,4.0,18.1,0.0,0.0,0.0,2021,Newcastle United,1,8,19,2,1
2022-04-23,15:00,Premier League,Matchweek 34,Sat,Away,W,3.0,0.0,Norwich City,1.9,0.6,54.0,26910.0,Jamaal Lascelles,4-3-3,Chris Kavanagh,Match Report,,13.0,7.0,15.6,0.0,0.0,0.0,2021,Newcastle United,0,18,15,5,1
2022-05-16,20:00,Premier League,Matchweek 37,Mon,Home,W,2.0,0.0,Arsenal,1.6,0.6,51.0,52274.0,Callum Wilson,4-3-3,Darren England,Match Report,,16.0,4.0,19.1,0.0,0.0,0.0,2021,Newcastle United,1,0,20,0,1
2022-02-09,19:45,Premier League,Matchweek 24,Wed,Away,D,1.0,1.0,Norwich City,1.3,0.4,70.0,26652.0,Joel Ward,4-3-3,Paul Tierney,Match Report,,12.0,5.0,22.3,1.0,0.0,1.0,2021,Crystal Palace,0,18,19,2,0
2022-03-05,15:00,Premier League,Matchweek 28,Sat,Away,W,2.0,0.0,Wolves,2.7,0.7,37.0,31395.0,Marc Guéhi,4-2-3-1,Andy Madley,Match Report,,11.0,7.0,15.1,0.0,1.0,1.0,2021,Crystal Palace,0,26,15,5,1
2022-04-25,20:00,Premier League,Matchweek 34,Mon,Home,D,0.0,0.0,Leeds United,1.9,0.5,53.0,25357.0,James McArthur,4-3-3,Darren England,Match Report,,17.0,7.0,13.6,0.0,0.0,0.0,2021,Crystal Palace,1,12,20,0,0
2022-05-07,15:00,Premier League,Matchweek 36,Sat,Home,W,1.0,0.0,Watford,2.2,0.4,67.0,24622.0,Joel Ward,4-3-3,Graham Scott,Match Report,,14.0,6.0,15.8,1.0,1.0,1.0,2021,Crystal Palace,1,23,15,5,1
2022-05-22,16:00,Premier League,Matchweek 38,Sun,Home,W,1.0,0.0,Manchester Utd,0.6,0.7,39.0,25434.0,Joel Ward,4-3-3,Martin Atkinson,Match Report,,6.0,3.0,14.1,0.0,0.0,0.0,2021,Crystal Palace,1,16,16,6,1
2022-01-19,20:00,Premier League,Matchweek 17,Wed,Home,L,1.0,3.0,Manchester Utd,2.3,2.3,44.0,17094.0,Pontus Jansson,3-5-2,Andre Marriner,Match Report,,18.0,9.0,16.7,0.0,0.0,0.0,2021,Brentford,1,16,20,2,0
2022-03-05,15:00,Premier League,Matchweek 28,Sat,Away,W,3.0,1.0,Norwich City,2.0,1.0,40.0,26887.0,Pontus Jansson,4-5-1,Anthony Taylor,Match Report,,8.0,4.0,21.4,0.0,2.0,2.0,2021,Brentford,0,18,15,5,1
2022-03-20,14:00,Premier League,Matchweek 30,Sun,Away,L,1.0,2.0,Leicester City,1.3,1.0,48.0,31830.0,Pontus Jansson,4-5-1,Darren England,Match Report,,15.0,6.0,14.9,0.0,0.0,0.0,2021,Brentford,0,13,14,6,0
2022-04-10,14:00,Premier League,Matchweek 32,Sun,Home,W,2.0,0.0,West Ham,1.4,0.3,47.0,17032.0,Christian Nørgaard,4-3-3,Martin Atkinson,Match Report,,15.0,7.0,15.8,0.0,0.0,0.0,2021,Brentford,1,25,14,6,1
2022-01-02,14:00,Premier League,Matchweek 21,Sun,Away,L,1.0,2.0,Brentford,0.8,0.6,55.0,16876.0,John McGinn,4-3-3,Craig Pawson,Match Report,,16.0,5.0,17.1,0.0,0.0,0.0,2021,Aston Villa,0,3,14,6,0
2022-01-15,17:30,Premier League,Matchweek 22,Sat,Home,D,2.0,2.0,Manchester Utd,1.9,1.0,54.0,41968.0,Tyrone Mings,4-3-3,David Coote,Match Report,,13.0,9.0,12.7,0.0,0.0,0.0,2021,Aston Villa,1,16,17,5,0
2022-02-26,15:00,Premier League,Matchweek 27,Sat,Away,W,2.0,0.0,Brighton,1.0,0.7,34.0,31475.0,Tyrone Mings,4-1-2-1-2◆,John Brooks,Match Report,,9.0,4.0,17.5,1.0,0.0,0.0,2021,Aston Villa,0,4,15,5,1
2022-03-05,15:00,Premier League,Matchweek 28,Sat,Home,W,4.0,0.0,Southampton,2.5,1.1,38.0,41855.0,Tyrone Mings,4-3-1-2,Peter Bankes,Match Report,,14.0,9.0,15.7,0.0,0.0,0.0,2021,Aston Villa,1,21,15,5,1
2022-03-10,19:45,Premier League,Matchweek 20,Thu,Away,W,3.0,0.0,Leeds United,1.5,0.2,49.0,36400.0,Tyrone Mings,4-3-1-2,Simon Hooper,Match Report,,15.0,9.0,19.6,1.0,0.0,0.0,2021,Aston Villa,0,12,19,3,1
2022-03-13,14:00,Premier League,Matchweek 29,Sun,Away,L,1.0,2.0,West Ham,1.1,1.2,53.0,59957.0,Tyrone Mings,4-1-2-1-2◆,Jarred Gillett,Match Report,,13.0,7.0,14.9,1.0,0.0,0.0,2021,Aston Villa,0,25,14,6,0
2022-04-02,15:00,Premier League,Matchweek 31,Sat,Away,L,1.0,2.0,Wolves,2.1,1.3,51.0,31012.0,Tyrone Mings,4-3-1-2,Darren England,Match Report,,14.0,4.0,20.0,1.0,1.0,1.0,2021,Aston Villa,0,26,15,5,0
2022-04-09,17:30,Premier League,Matchweek 32,Sat,Home,L,0.0,4.0,Tottenham,1.6,1.1,52.0,41949.0,Tyrone Mings,4-3-1-2,Graham Scott,Match Report,,19.0,8.0,16.3,1.0,0.0,0.0,2021,Aston Villa,1,22,17,5,0
2022-04-23,15:00,Premier League,Matchweek 34,Sat,Away,D,0.0,0.0,Leicester City,0.9,0.3,36.0,32185.0,Tyrone Mings,4-3-2-1,Andy Madley,Match Report,,11.0,3.0,17.9,0.0,0.0,0.0,2021,Aston Villa,0,13,15,5,0
2022-04-30,15:00,Premier League,Matchweek 35,Sat,Home,W,2.0,0.0,Norwich City,1.8,0.5,45.0,40290.0,Tyrone Mings,4-1-4-1,John Brooks,Match Report,,21.0,6.0,15.7,0.0,0.0,0.0,2021,Aston Villa,1,18,15,5,1
2022-05-07,15:00,Premier League,Matchweek 36,Sat,Away,W,3.0,1.0,Burnley,2.1,1.9,51.0,20891.0,Tyrone Mings,4-1-2-1-2◆,David Coote,Match Report,,12.0,7.0,18.3,1.0,0.0,0.0,2021,Aston Villa,0,5,15,5,1
2022-01-11,19:45,Premier League,Matchweek 18,Tue,Home,W,4.0,1.0,Brentford,1.4,0.5,48.0,27383.0,James Ward-Prowse,3-5-2,Stuart Attwell,Match Report,,12.0,6.0,17.9,0.0,0.0,0.0,2021,Southampton,1,3,19,1,1
2022-02-09,19:45,Premier League,Matchweek 24,Wed,Away,W,3.0,2.0,Tottenham,2.2,1.4,52.0,54012.0,James Ward-Prowse,4-4-2,David Coote,Match Report,,23.0,9.0,16.8,0.0,0.0,0.0,2021,Southampton,0,22,19,2,1
2022-02-19,15:00,Premier League,Matchweek 26,Sat,Home,W,2.0,0.0,Everton,2.5,0.3,55.0,31312.0,James Ward-Prowse,4-4-2,Andy Madley,Match Report,,19.0,11.0,15.4,1.0,0.0,0.0,2021,Southampton,1,9,15,5,1
2022-02-25,20:00,Premier League,Matchweek 27,Fri,Home,W,2.0,0.0,Norwich City,2.6,0.6,58.0,31182.0,James Ward-Prowse,4-4-2,Simon Hooper,Match Report,,27.0,9.0,15.9,1.0,0.0,0.0,2021,Southampton,1,18,20,4,1
2022-04-02,15:00,Premier League,Matchweek 31,Sat,Away,D,1.0,1.0,Leeds United,1.4,1.2,44.0,36580.0,James Ward-Prowse,4-3-1-2,Anthony Taylor,Match Report,,14.0,5.0,16.4,1.0,0.0,0.0,2021,Southampton,0,12,15,5,0
2022-01-22,12:30,Premier League,Matchweek 23,Sat,Home,L,0.0,1.0,Aston Villa,1.6,0.8,50.0,38203.0,Yerry Mina,4-4-2,Craig Pawson,Match Report,,15.0,0.0,14.1,2.0,0.0,0.0,2021,Everton,1,1,12,5,0
2022-02-12,15:00,Premier League,Matchweek 25,Sat,Home,W,3.0,0.0,Leeds United,2.7,0.3,42.0,39150.0,Séamus Coleman,4-4-2,Graham Scott,Match Report,,21.0,10.0,18.2,0.0,0.0,0.0,2021,Everton,1,12,15,5,1
2022-03-17,19:45,Premier League,Matchweek 20,Thu,Home,W,1.0,0.0,Newcastle Utd,0.7,0.9,39.0,39068.0,Séamus Coleman,4-2-3-1,Craig Pawson,Match Report,,9.0,3.0,17.2,1.0,0.0,0.0,2021,Everton,1,17,19,3,1
2022-04-09,12:30,Premier League,Matchweek 32,Sat,Home,W,1.0,0.0,Manchester Utd,0.4,0.8,33.0,39080.0,Séamus Coleman,4-3-3,Jonathan Moss,Match Report,,7.0,3.0,18.3,0.0,0.0,0.0,2021,Everton,1,16,12,5,1
2022-04-20,19:45,Premier League,Matchweek 18,Wed,Home,D,1.0,1.0,Leicester City,1.8,0.9,37.0,39153.0,Séamus Coleman,4-3-3,David Coote,Match Report,,13.0,3.0,14.7,0.0,0.0,0.0,2021,Everton,1,13,19,2,0
2022-05-01,14:00,Premier League,Matchweek 35,Sun,Home,W,1.0,0.0,Chelsea,0.8,0.8,23.0,39256.0,Séamus Coleman,5-4-1,Kevin Friend,Match Report,,9.0,4.0,17.8,1.0,0.0,0.0,2021,Everton,1,7,14,6,1
2022-05-08,14:00,Premier League,Matchweek 36,Sun,Away,W,2.0,1.0,Leicester City,1.1,1.5,34.0,32001.0,Séamus Coleman,5-4-1,Craig Pawson,Match Report,,10.0,4.0,13.8,0.0,0.0,0.0,2021,Everton,0,13,14,6,1
2022-05-11,19:45,Premier League,Matchweek 30,Wed,Away,D,0.0,0.0,Watford,0.7,0.3,52.0,20653.0,Séamus Coleman,5-4-1,Mike Dean,Match Report,,16.0,5.0,16.8,0.0,0.0,0.0,2021,Everton,0,23,19,2,0
2022-05-15,16:30,Premier League,Matchweek 37,Sun,Home,L,2.0,3.0,Brentford,2.1,1.4,28.0,38819.0,Séamus Coleman,3-4-3,Michael Oliver,Match Report,,9.0,4.0,17.4,0.0,1.0,1.0,2021,Everton,1,3,16,6,0
2022-02-09,20:00,Premier League,Matchweek 24,Wed,Away,D,3.0,3.0,Aston Villa,1.8,1.6,60.0,41927.0,Luke Ayling,4-2-3-1,Jarred Gillett,Match Report,,16.0,7.0,13.9,0.0,0.0,0.0,2021,Leeds United,0,1,20,2,0
2022-02-26,12:30,Premier League,Matchweek 27,Sat,Home,L,0.0,4.0,Tottenham,1.5,1.9,50.0,36599.0,Luke Ayling,4-1-4-1,Craig Pawson,Match Report,,19.0,2.0,18.0,1.0,0.0,0.0,2021,Leeds United,1,22,12,5,0
2022-03-05,12:30,Premier League,Matchweek 28,Sat,Away,L,0.0,1.0,Leicester City,1.7,0.4,49.0,32236.0,Luke Ayling,4-2-3-1,David Coote,Match Report,,19.0,4.0,13.3,0.0,0.0,0.0,2021,Leeds United,0,13,12,5,0
2022-03-13,14:00,Premier League,Matchweek 29,Sun,Home,W,2.0,1.0,Norwich City,2.5,1.5,52.0,36321.0,Luke Ayling,4-2-3-1,Stuart Attwell,Match Report,,13.0,7.0,14.4,1.0,0.0,0.0,2021,Leeds United,1,18,14,6,1
2022-03-18,20:00,Premier League,Matchweek 30,Fri,Away,W,3.0,2.0,Wolves,2.0,1.2,52.0,31842.0,Luke Ayling,4-2-3-1,Kevin Friend,Match Report,,15.0,5.0,13.8,1.0,0.0,0.0,2021,Leeds United,0,26,20,4,1
2022-05-22,16:00,Premier League,Matchweek 38,Sun,Away,W,2.0,1.0,Brentford,1.3,0.8,51.0,16957.0,Liam Cooper,4-4-1-1,Paul Tierney,Match Report,,13.0,5.0,24.7,0.0,1.0,1.0,2021,Leeds United,0,3,16,6,1
2022-02-19,15:00,Premier League,Matchweek 26,Sat,Away,W,3.0,0.0,Brighton,0.7,0.6,32.0,30361.0,Ben Mee,4-4-2,Kevin Friend,Match Report,,10.0,4.0,19.7,0.0,0.0,0.0,2021,Burnley,0,4,15,5,1
2022-02-23,19:30,Premier League,Matchweek 13,Wed,Home,W,1.0,0.0,Tottenham,0.9,0.7,34.0,19488.0,Ben Mee,4-4-2,Graham Scott,Match Report,,15.0,4.0,17.3,0.0,0.0,0.0,2021,Burnley,1,22,19,2,1
2022-04-21,19:45,Premier League,Matchweek 30,Thu,Home,W,2.0,0.0,Southampton,1.5,0.9,44.0,17384.0,James Tarkowski,4-4-2,Stuart Attwell,Match Report,,16.0,6.0,14.2,0.0,0.0,0.0,2021,Burnley,1,21,19,3,1
2022-04-24,14:00,Premier League,Matchweek 34,Sun,Home,W,1.0,0.0,Wolves,1.4,0.6,36.0,19246.0,James Tarkowski,4-4-2,Anthony Taylor,Match Report,,14.0,5.0,18.8,0.0,0.0,0.0,2021,Burnley,1,26,14,6,1
2022-04-30,15:00,Premier League,Matchweek 35,Sat,Away,W,2.0,1.0,Watford,1.6,1.0,53.0,20738.0,James Tarkowski,4-4-2,Craig Pawson,Match Report,,17.0,6.0,15.9,1.0,0.0,0.0,2021,Burnley,0,23,15,5,1
2022-05-07,15:00,Premier League,Matchweek 36,Sat,Home,L,1.0,3.0,Aston Villa,1.9,2.1,49.0,20891.0,James Tarkowski,4-4-2,David Coote,Match Report,,14.0,6.0,16.4,0.0,0.0,0.0,2021,Burnley,1,1,15,5,0
2022-05-19,20:00,Premier League,Matchweek 18,Thu,Away,D,1.0,1.0,Aston Villa,1.6,1.5,29.0,40468.0,James Tarkowski,5-3-2,Paul Tierney,Match Report,,9.0,3.0,17.2,0.0,1.0,1.0,2021,Burnley,0,1,20,3,0
2022-02-05,18:00,Premier League,Matchweek 17,Sat,Away,D,0.0,0.0,Burnley,0.8,0.6,47.0,19527.0,Moussa Sissoko,4-4-2,Craig Pawson,Match Report,,11.0,5.0,16.3,0.0,0.0,0.0,2021,Watford,0,5,18,5,0
2022-03-06,14:00,Premier League,Matchweek 28,Sun,Home,L,2.0,3.0,Arsenal,1.0,1.0,44.0,21142.0,Moussa Sissoko,4-3-3,Craig Pawson,Match Report,,13.0,7.0,19.0,2.0,0.0,0.0,2021,Watford,1,0,14,6,0
2022-03-13,14:00,Premier League,Matchweek 29,Sun,Away,W,2.0,1.0,Southampton,1.7,1.4,37.0,28863.0,Moussa Sissoko,4-3-3,Graham Scott,Match Report,,9.0,5.0,16.9,0.0,0.0,0.0,2021,Watford,0,21,14,6,1
2022-03-10,19:30,Premier League,Matchweek 30,Thu,Home,L,1.0,3.0,Chelsea,1.0,1.8,34.0,26684.0,Grant Hanley,5-3-2,Martin Atkinson,Match Report,,7.0,2.0,25.7,0.0,1.0,1.0,2021,Norwich City,1,7,19,3,0
2022-04-10,14:00,Premier League,Matchweek 32,Sun,Home,W,2.0,0.0,Burnley,1.7,1.7,45.0,26361.0,Grant Hanley,4-2-3-1,Michael Oliver,Match Report,,17.0,6.0,19.4,0.0,0.0,0.0,2021,Norwich City,1,5,14,6,1
